,Asset 1,Asset 1,Asset 1,Asset 1,Asset 1,Asset 2,Asset 2,Asset 2,Asset 2,Asset 2,Asset3,Asset3,Asset3,Asset3,Asset3,Asset 4,Asset 4,Asset 4,Asset 4,Asset 4,Asset 5,Asset 5,Asset 5,Asset 5,Asset 5
,US AGG,US Small Cap,High Yield,HF FOF Div,Gold,US Growth,US Tbill 1-3yr,High Yield,Long Short HF,Commodities,Commodities,MSCI EM Equity,Global AGG,High Yield,Long Short HF,HF FOF Div,MSCI EM Equity,Global AGG,High Yield,Commodities,TIPs,MSCI EM Equity,US AGG,High Yield,Relative Value HF
Date,,,,,,,,,,,,,,,,,,,,,,,,,
2004-01-31,0.759928524086435,0.023393484309106042,-0.038163273008615904,-0.010609685441903674,0.0004308012323564255,1.4178904943867454,-0.7075883805913938,0.09177129157174915,0.1918729510017336,0.10066675248343622,0.6508544845365101,0.08042798310560359,0.2880303349842831,0.01549895663507749,0.846209034780496,0.6613171381182579,-0.022630926285948566,0.31522258946377646,-0.2706650684142008,0.018149114307245078,0.9415139582571832,-0.004196613089325714,-0.07991417946073905,0.140691242332336,-0.10529153264450825
2004-02-29,0.7624927142215643,0.021777575491895764,-0.040162700219251855,-0.008770180685456597,-0.0012872161201348711,1.6706948574522553,-0.7532359573302988,0.3945965384698783,0.35126698889793806,-0.6527621340858454,1.0350491583410473,0.1070812149661347,0.29386452104623945,-0.1740642681944924,0.7300035911696026,0.6088725556855651,-0.0411893168833319,0.31483442392263655,-0.38528804398928795,0.20295562320941612,0.982742442998825,0.022453399150144285,-0.07277706142083736,0.07034083651578128,-0.1344984379433362
2004-03-31,0.7549359585725058,0.016394370670127837,-0.04055099148401432,-0.015227357274195438,-0.01405955026691116,0.8967072630020123,-0.6958089576455836,1.0252348725340514,0.5457510959273534,-0.5898885220965085,0.5575581537367982,0.657477628183309,-0.5209534701088079,-0.7891101466592862,0.8315202569442377,0.6086661149163414,-0.10167634550953622,0.399864467997086,-0.3160418485779269,0.24043630600532512,0.9676009709202058,0.03186033252831171,-0.07826183479157615,0.06472986384483634,-0.13512042618798442
2004-04-30,0.7426518737652805,-0.0031304096039638865,-0.01217364245022003,0.014863409008213577,-0.014740749813040537,0.5826109307268308,0.9015637504943727,0.21088788117776647,1.8934957415315856,-0.9165886207763602,0.3722842432727093,0.9107313916053712,-0.20874049818796686,-0.9250706506709631,0.7589233572608814,0.48676015204651973,0.028840315175784642,0.6209627465115671,-0.4265939053688456,0.14921299150687473,0.9981148882934164,0.01781362725496614,-0.1545411911424826,0.021077917812424803,-0.01767755005443121
2004-05-31,0.6907789738967381,0.015683368348998968,-0.06306693813502115,0.05231178908084789,-0.00974220523638507,1.3787230293687225,0.5180512104690583,-1.30727424396401,1.8765059767112322,-0.7253691502022064,0.5993333146315585,0.4703756544432318,0.39444111897504125,-1.5991015769499155,1.3165539484205273,-1.0734490483061279,0.39837359463854005,-0.10908013064366684,0.5577644308891745,0.21434413940072627,0.906220170441609,-0.013149676175705716,0.10561531709115007,-0.06218193818233763,0.10558504802926053
2004-06-30,0.753402336983236,0.05330848432703282,0.07987637237134337,-0.1940163796265921,-0.029965297145429594,1.317913473835698,0.6675401377476153,-1.4222035298302054,1.6165164967934704,-0.5951490547643408,0.44587502208552704,0.4019977878836716,0.4500845894351708,-1.4190965803206648,1.6979950253645513,-0.9808016661996022,0.3788107059736812,-0.06679667772933465,0.5488984756376533,0.19368544740584154,0.9397623008273897,-0.017019768446305556,0.06997050053834725,0.03716483996018257,-0.06098888523283569
2004-07-31,0.825317434790978,0.039917018314261726,0.11146545771690139,-0.26680032494453865,-0.03737802959228552,1.3922000833214592,2.1157194195716182,-0.3157557113763334,0.16091710659641034,-0.442836597516499,0.7253025509875375,0.22001957529847369,0.9755320963555967,-0.20402375092519676,0.5448776907527595,-0.11068311096887073,0.2902371698734676,0.11116835761082866,0.049250442044807885,0.09130172919358924,0.9956232643810367,0.019832690946986965,-0.13819302919029802,0.13422470395559097,-0.21399038481628216
2004-08-31,0.8203203262638716,0.03958457469892299,0.10659648211062783,-0.25800313086940635,-0.03745677813093681,0.2769703120287972,-0.6012477976049007,-1.6830773340190173,2.462827692498743,-0.5059465786327113,0.8531961076884473,0.009977650398079602,0.8177308683837894,-0.35366370060377206,1.0797927801419522,0.6019077877711532,0.08989614916042771,0.272040548284602,-0.20126762662891368,0.11173052856392562,0.9873748900666551,0.006288614125096103,-0.1432520646230006,0.1332482972960412,-0.2295532909925827
2004-09-30,0.8442551845939801,0.03689919906369314,0.08745137508925035,-0.266034577260679,-0.04098423863262913,0.3954153229561923,-1.69419019178766,-1.1687368267761804,2.420198279862685,-0.2918252012687868,1.0205371925522593,-0.006649532668377266,0.7308879323864174,-0.10816300524429148,1.2641016287193492,0.8582160852546123,-0.015296327204858393,0.4471087618188585,-0.28944425654002076,0.05698910079519991,0.9803649039459177,0.003122072607609954,-0.12286757843391305,0.12173961860129039,-0.2195068073282056
2004-10-31,0.8226296110338452,0.03503323657937745,0.10917585434407975,-0.24825178911226814,-0.03644138856776764,1.409883168165151,-1.3117463420341262,0.10119087164942697,0.630055513179556,-0.019074447422505914,0.8577034930767261,0.5697544173541466,-0.42909099104629733,-0.819544391240933,0.9390711328932377,0.7048225221318896,0.0407856847330035,0.3314017724896411,-0.2927233097976809,0.049543790476993865,0.959045619347797,0.0031740647345132947,-0.0920272894520318,0.08953102201294058,-0.1709889260784413
2004-11-30,0.6845658073828986,0.018368496991850076,0.11591010881228675,-0.04519361901168212,-0.0061614787109940915,1.5600606564604662,-0.698082120434832,0.10358450952865801,0.08493819451372508,0.055718646314103476,0.8686573152008703,0.5547912471685734,-0.4231444140704573,-0.8082218703331846,0.9257217498412963,0.7180411083504378,0.04139711758535719,0.33399118130197125,-0.29728834424402323,0.04807622665153271,0.9548286949819661,0.017997725206879603,-0.10685809947974435,0.07880842691850048,-0.1171979952636566
2004-12-31,0.6754567003281352,0.017937626312176234,0.11647873489868493,-0.055840902605989826,-0.0025652209917368593,1.3780518549970058,-1.0272955288324934,-0.05698096482154309,0.1804864371587812,0.13644494383307426,0.6216832700976037,0.6846107698753852,-0.5268872569187061,-0.6231005862730494,1.0315634225282122,0.6961987555162515,0.033872559575287564,0.33702478672476854,-0.31330255736658,0.07287579763051075,0.9556938528246374,0.005508815087773237,-0.14900799742684823,0.08740174931565625,-0.12746067481914514
2005-01-31,0.6893848970534063,0.010178881425009247,0.10309734561468153,-0.02593112260440793,-0.004839362943822951,1.4471401571687694,-0.9978317764807444,-0.030932178998385285,0.09546174784666822,0.14611475729352125,0.6218797202282508,0.4723310550104629,-0.160045540637549,-0.623817452961543,1.3382411754755776,0.7403967588372002,0.007046229084696955,0.3956909072021325,-0.3276019791645789,0.07079029700379957,0.9866574818821832,0.006115745529946919,-0.2596273241940075,0.14779947194150897,-0.21246674310782684
2005-02-28,0.7110397980418569,0.016782734869226948,0.0923120637415591,-0.04927371054891337,-0.009437957792993775,1.419298596107695,-0.4580581973193464,-0.22245349301623688,0.10128538559156629,0.040472138689709086,0.5593842641741864,0.2253367419885536,0.3208975782114257,-0.7114295862782113,1.50861573345848,0.674162342923085,0.053609730950557447,0.3356725486692916,-0.30462699276056077,0.08562093512494735,0.9895958907947727,-0.006070804329630876,-0.2546714440553725,0.1444379425115321,-0.20967997322756454
2005-03-31,0.7336566428828396,0.006453912234535652,0.024449835102046,0.014690856166887936,-0.007788734812405743,1.4281109371828293,-0.490362906427992,-0.18129103236821076,0.08252278337827659,0.03744300425910125,0.577083963618999,0.19398133528065248,0.3590119909723758,-0.748011376633369,1.5575936567103623,0.549223269484625,0.0983794488536271,0.2911201224257689,-0.2541540721245315,0.059723902344566634,0.9792589704429617,-0.02798499219117887,-0.2685863520244457,0.09879325061782326,-0.1426326842429642
2005-04-30,0.752632226183822,0.002202885084549031,0.015232869056919954,0.012108969768677825,-0.004896909232036238,1.4365683605607857,-0.6395810214498887,-0.15242219177971683,0.08201574334870773,0.055315370259349066,0.5472629647590601,0.23754716993211758,0.4543216058035248,-0.8500630127845024,1.389277194482199,0.5867867642763901,0.09395329077907448,0.27663384561068727,-0.24072777651844424,0.06911174745452793,0.9741221128414315,-0.028063329134513076,-0.27270716423578695,0.1012452170091703,-0.13204176033509296
2005-05-31,0.747565691575761,-0.002229188102656967,0.011908037704144524,0.024666091375687805,-0.0022529074884301433,1.5413833372057995,-0.5331100604189477,-0.08434415918188443,-0.0486639779911483,0.07326275381625522,0.5655444421198907,0.2148208069499618,0.5891201367288732,-0.919831735460409,1.3591297541668195,0.49667349084082507,0.13085699091009875,0.17801773699618273,-0.19608153195877343,0.053970073350001084,0.9666576541670282,-0.016030788420665333,-0.24751954350781483,0.10649212660894085,-0.14940158253218258
2005-06-30,0.748049328137297,-0.002331318894513639,0.009057036357120815,0.02208305989039111,-0.004005443679335085,1.5930941412673982,-0.5603364369347796,-0.09150146052239466,-0.14761067555062712,0.0835401557579025,0.554081284557339,0.2674834550301354,0.648873511541718,-1.0797553653441034,1.1984067053501106,0.5287602862941959,0.12955119501590281,0.1725484606026754,-0.17557412950872564,0.05707840366142141,0.9766142069129402,-0.010377157122310979,-0.2508008510283722,0.11234155240013073,-0.11542564956213244
2005-07-31,0.7404848463093118,-0.000796815531351326,0.01251540181637572,0.027733639677829325,-0.005306539070195072,1.51152643009212,-0.41283479783328203,-0.14838933284415484,-0.08678024430991585,0.04449623484526197,0.5560232856873815,0.2770453439000713,0.6173239442913802,-1.0807825450951325,1.211261425628845,0.5066833218285726,0.0858602596915859,0.19958175696774938,-0.15883043551436776,0.03555769883373382,0.981961673480889,-0.022943299788686682,-0.24708888024610873,0.11921809488457813,-0.11575687396466196
2005-08-31,0.7343451078219981,0.001110707811822517,0.016259267549652873,0.016726168751312387,-0.005400736236874599,1.4978155521943541,-0.13469103203677157,-0.17802385446660748,-0.06383788687202717,0.0848701892020913,0.4488244432050279,0.4291309008332779,0.35887471286516104,-1.2098105915001711,1.0418695447111994,0.49171081302662234,0.09449728503861485,0.1707747378947229,-0.1651395309448325,0.017557481533094922,1.0253024541367943,-0.01702923819084931,-0.24424288077350878,0.10721996201258135,-0.071079224724105
2005-09-30,0.7269299684332209,-0.00240467975765638,0.003813034080722602,0.04410973726508746,0.0020984761249588594,1.5314865432466163,-0.13477461711028713,-0.10943384167272338,-0.16974635570890773,0.08909238912881257,0.464999285052547,0.05068722710525758,0.7804882981202519,-0.6509072642020733,1.391061631736671,0.4763878731180966,0.12486152044812575,0.15293389210325345,-0.20599409302625044,0.021684841246561996,1.0279656614609722,0.011082001654874617,-0.24812737862238726,0.07912275068631675,-0.07521692684505289
2005-10-31,0.7308309579688093,-0.0020107324345167003,0.0010378631172199377,0.04948713931314698,0.0017732615813760458,1.5324823589282124,-0.13598484823400858,-0.10671653023077889,-0.16540854406825253,0.09828078360276199,0.3182288963292995,-0.02109730799901119,0.5416379128911808,-0.5559935688316805,1.4554479733913406,0.46154141057023507,0.09883515058412068,0.08334819164700374,-0.21301857019755602,-0.008828898525246473,1.0278918490369615,0.010818441010041133,-0.24832433608125024,0.07889865231089915,-0.07489791363691843
2005-11-30,0.7281587793942667,-0.003323309803398401,0.00380339162319047,0.04693217165660553,0.0003417949049308747,1.5384680169553782,-0.10807877207660539,-0.1136340053226747,-0.16095309043611897,0.09764377384423277,0.24860566383088406,0.18617132045541876,0.29246941286630357,-0.7172840000841383,1.2982006343262011,0.4625770732328075,0.09976090389595857,0.0831167841451008,-0.21330093828124363,-0.009375325721730018,1.0289427551677564,0.009640328233589802,-0.24966517881198463,0.07921709621607004,-0.07570608253148563
2005-12-31,0.7331990119819173,-0.00799415616510786,0.002713359348731381,0.06649349437080751,0.0018417257555146014,1.635831330466175,-0.3113509607264779,-0.05407218608683009,-0.3844212615050885,0.12093637669597801,0.25606771506552667,0.1744240315025193,0.3268344123320932,-0.7280888826290922,1.399595019059179,0.45082271401816476,0.09892513221609452,0.07881116971588914,-0.2138257127319516,-0.010099332112751096,1.0267276152863942,0.017462136613329186,-0.23411372660804788,0.08222804472971447,-0.04861384645153067
2006-01-31,0.7313509203544777,-0.004211280266887725,0.0035186386367493157,0.06586707966413752,0.005915017705415382,1.5706264579409293,-0.27062731162796727,-0.09110332704284706,-0.19844063750939542,0.09090309779866468,0.22561980784393976,0.19966617314545823,0.3450983047634395,-0.7822421748610906,1.5647747789484083,0.462468003692808,0.10846977286022773,0.08715598827708093,-0.2118627751156753,-0.013504572200285647,1.0209121507370353,0.0025476973425756777,-0.208417297034784,0.07062819964772585,-0.04843189078477201
2006-02-28,0.7326611727606822,-0.005680150211096725,0.006443400825989131,0.0719921106406291,0.0041762793764460945,1.5707726363401622,-0.27070185181370804,-0.09111369961019902,-0.19872380346181806,0.09107968797089382,0.22161290325881294,0.20020783361762065,0.34204088262823845,-0.779293509318264,1.5667022983171712,0.4183260839296954,0.11296854203217943,0.08638118680763608,-0.21609690640807525,0.021247170849969542,0.987636471213732,-0.006620552920407231,-0.1695841906676011,0.08365221447677296,-0.009165359705826062
2006-03-31,0.744744503803635,-0.007686459708085832,0.003696642972502513,0.06740830140564458,0.002364191375167634,1.5721761803206418,-0.27422226634810726,-0.08849783745116298,-0.20470265270001914,0.09152972520928211,0.2288194951144607,0.08103301406091265,0.3065636200493674,-0.7361719180377637,1.9458550963045294,0.505118806896355,0.09486391385403364,0.061966905873573314,-0.20865468290205835,0.0305678868494172,0.9595982062588799,-0.007970539842339367,-0.19194628874680722,0.09055481837211467,0.021439731138610304
2006-04-30,0.7448396200314092,-0.00762723707892051,0.003609992537081393,0.06739886934500727,0.002263653966331085,1.5788147322820734,-0.3273258770140459,-0.08685921256117897,-0.21568581833694253,0.07544312247309434,0.4149290728980125,0.21285631565529145,0.6758076760699994,-0.8926322570205911,1.6660898108429514,0.49658875083813775,0.12651337622591483,0.09769039929958806,-0.2087294757986774,0.06784951129630004,0.9629491230407663,0.016864717490789036,-0.1919387998636005,0.09038363959834818,0.019608100412340377
2006-05-31,0.7454294998587322,-0.007339737408552745,0.0026984448456801864,0.06837725188501267,0.0021339162367419906,1.595653248295428,-0.3269311132542727,-0.16272429080057438,-0.12216500708295713,0.05294874771994899,0.5530713304600711,-0.21138139142340573,1.1999014811900874,-0.4710070985132324,2.112011026868877,0.5045409676075462,0.08685482656685983,0.12648233679818957,-0.19186843395562614,0.08238096528581004,0.9784749872826031,0.0012305605718268553,-0.2085776493588251,0.09842030868885854,0.0368430978856238
2006-06-30,0.7476570761369795,-0.0062608342768086375,0.0006805778073481613,0.06789928911292548,0.0008798535967845674,1.5973511643242628,-0.3884944834034085,-0.14634364247680556,-0.12783518876926817,0.05859139964076649,0.5602086684690843,-0.23332609832613205,1.2367037048000205,-0.45933034765275055,2.163525083875806,0.5036452021768091,0.08703325798671946,0.1260849933186329,-0.19194188024756428,0.0822343609376708,0.9856770661159215,0.0005741877855716988,-0.18200640620240513,0.0552272152153411,0.08285583015791864
2006-07-31,0.7601706812912332,-0.012781459676364341,0.015176146337756376,0.06004080192121888,0.006298931211017373,1.5975074926012753,-0.4542162604960604,-0.16112601463521248,-0.11307837719721621,0.05250971122945587,0.6095924767674673,-0.18788705674104186,1.2515881555461823,-0.27746881864855255,1.8949197573403298,0.5463070680398553,0.07736074120513284,0.12200457466979565,-0.22302694556802033,0.06518704136949176,0.9813197669083767,-0.0005039219520756533,-0.18557719260947458,0.05009456281698848,0.08119607266197774
2006-08-31,0.7745726469782648,-0.009562273434416714,0.018571716671153263,0.06279209427405498,0.003942974596330015,1.6993328487440775,0.11683290949276165,-0.10357004061600071,-0.16000832346754792,0.013233354564928981,0.5985087349669921,-0.1925179978323597,1.2663339557413376,-0.24769254612300876,1.9131594803411454,0.5475745395509253,0.07798198476920344,0.12425919221120105,-0.220613473155201,0.06309632076878512,0.9724910943375084,-0.00866140763423326,-0.18605329507707824,0.03634590495079264,0.07636348307583433
2006-09-30,0.7747851300543992,-0.009559764192711288,0.019053436499309098,0.06294666124174418,0.003664314111290301,1.6902698217377594,0.07986602687967366,-0.11123858152862767,-0.1529742488255141,0.019266937122080885,0.5410379412861699,-0.18191007731569162,1.2284763122644806,-0.10973028577189878,1.8956047754781187,0.5506322834415344,0.07678640539749879,0.12382759564143328,-0.22858891474363893,0.07304323313537853,0.9329693743526406,-0.008398034344139129,-0.13653927595520599,0.07398826159885169,0.07273705958210415
2006-10-31,0.777452558212395,-0.006631468258192242,0.019766299732844553,0.06413536280371043,0.003848647931169198,1.635599752031597,0.02103992036719931,-0.14370729350080888,-0.09616235365674045,-0.010184901727352008,0.5537154991879664,-0.19022621925899114,1.2361279180609877,-0.07060480750693697,1.9150866118506247,0.5412670434591644,0.06973226688685717,0.12175026398675086,-0.2394529544883716,0.06414739680291696,0.9430159600022876,-0.031069684328821758,-0.1364429018671836,0.07543340009692773,0.06192610398174759
2006-11-30,0.7800507519528385,-0.006329902747750355,0.02082616904933977,0.06531814242955719,0.005667773862985786,1.6419856590955353,0.0464225661238077,-0.13590276281518437,-0.10151495491939709,-0.0031517764354920055,0.5060482708934531,-0.21534988935847135,1.0563609958086695,-0.14233058831679213,1.9785328760896703,0.5392714547291927,0.09391742555540844,0.14637882460525722,-0.23388685997259862,0.07691244455787295,0.9571347232391015,-0.014915707051755406,-0.14198730800953377,0.07326092287106671,0.06159481915984062
2006-12-31,0.778159787945329,-0.007278734534561369,0.02197940113853195,0.0694396118183711,0.004930700602270285,1.6827609120802394,0.06763068491604828,-0.1482660629662393,-0.18340227280719326,0.0291970919819126,0.5094810128862512,-0.21857607425363193,1.0670234954519453,-0.14794028282106286,1.9799291499167164,0.5846181465527168,0.11186685239522882,0.12060247396468339,-0.22829317376662206,0.05112690640292734,0.970580399793022,-0.018930047936753926,-0.14089045396865105,0.0713311543491364,0.05607461374027277
2007-01-31,0.7786155446751297,-0.0072466208376192175,0.021425044764538406,0.068959119441568,0.004788698616936062,1.6397313577984756,0.034447121419025686,-0.1805198871846639,-0.15537978487533025,0.024275833852029142,0.49982179695831463,-0.11745365552913681,1.150057028822944,-0.3193617543667815,1.7246263577848675,0.5946996593280257,0.10815533461471387,0.11733184617987627,-0.22425578916073743,0.052086417551723614,0.9509092361633061,-0.003360183657441425,-0.10973399018163221,0.041495345319694905,0.01563656617428557
2007-02-28,0.775649620241374,-0.006326638307177637,0.020531093497614707,0.067310542074038,0.004366301795595461,1.6346717976243297,0.058425053599097,-0.1780453828891993,-0.15174000357418393,0.02516545586353411,0.5045338028493401,-0.1316680704614148,1.172728795379754,-0.2973209978544757,1.747295916885481,0.5753733729412183,0.11758308359840544,0.10033304690023769,-0.23558989612633008,0.04500345816488163,0.9531144890518727,-0.003577637969109881,-0.10545835849534983,0.043147944176517794,0.01660744181962662
2007-03-31,0.7770903074221276,-0.006966462619965927,0.01674886762773651,0.07856585539709897,0.002366096846766864,1.635288828264898,0.04544851270482087,-0.17411734223281167,-0.1556930492126433,0.02545392761526873,0.502369800675024,-0.10855789602685312,1.1699513486136746,-0.3272951023644632,1.7326060100809526,0.53408145171507,0.0668962784214128,0.09810689965029945,-0.2059968393128772,0.03536449735950213,0.9724346708147885,0.03134520195138844,-0.12421578780568578,0.040568005248582124,0.028239976344482078
2007-04-30,0.7766931878608334,-0.00686999843245544,0.015973590990316987,0.07547703780736001,0.002118315891272051,1.5746647881979727,-0.016362511909885823,-0.18845494204939578,-0.11856178614077821,0.014393621346867344,0.49643693433568215,-0.1217397911695606,1.2149261200276904,-0.28965931770846415,1.8159906627750124,0.5539381303475016,0.086104243461258,0.11076217949824174,-0.19826114837700884,0.03705465990735678,0.9691159484623508,0.013933667528594432,-0.12520329945211395,0.02531108572504505,0.024255450936923474
2007-05-31,0.7791982129536744,-0.007862588577408238,0.016696260705880595,0.0679355043008821,0.004368726516313365,1.5591088537762967,0.010968779195257516,-0.18214188860172073,-0.14137445717469976,0.016540498907160396,0.5029502164180243,-0.12104274100542796,1.3298272844676078,-0.31082856515091584,1.720691249870874,0.5817777675079159,0.10167440897933283,0.08051941721922483,-0.19761912328861722,0.04007294761181733,0.9744757624344795,0.010349615877813582,-0.12376242987601772,0.02453723686640907,0.021844967151770575
2007-06-30,0.7729705717967801,-0.005075481806816462,0.0314301296281746,0.05334402210512608,0.006688991477956298,1.493492249993941,0.36600427297419064,-0.38851326009881715,0.0462635079468057,-0.021272491080769604,0.5359651106665643,-0.18436408276987903,1.3116501975822885,-0.03731924209530635,1.709649586395544,0.5825811611935827,0.124280193952356,0.08804738173289288,-0.23972163195039808,0.03002115382144057,0.9747925196837036,0.011896123090457265,-0.12196405436566843,0.01996816050093346,0.0233439119946724
2007-07-31,0.7770105094497869,-0.0070992318166688,0.025592997241492214,0.05841062807029141,0.006928848794851557,1.4923866357114535,0.41849957268132026,-0.41453888047035686,0.056395354177259494,-0.021104624600841417,0.5397019584322938,-0.20403115609048803,1.2625735084412077,0.06996185375120771,1.7202394302100783,0.5718605137318038,0.0976470523101035,0.034738964367777736,-0.15276586747797252,0.016061855637774944,0.9831562372112029,0.017012184973401616,-0.11754453704378125,0.012774519809463494,0.019739331937969104
2007-08-31,0.7875658146820949,0.0003743329384836777,0.029729586143782148,0.03135079180309375,0.010932905803417286,1.5046418478303958,0.4790852624125879,-0.40806644689760535,0.03240473656570618,-0.02307427742381285,0.5569142108274119,-0.234882227054706,1.2128899245860825,-0.050091649182666106,1.9012250968359945,0.620129139573037,0.09134593680080436,0.01686992220055904,-0.17474055079505305,0.0371793857762394,0.9758596935256293,0.023216037558167382,-0.14419966453016267,0.0015943532446878982,0.03288138565883578
2007-09-30,0.7885688931520455,0.000567096019894432,0.02751273837719642,0.03085502715612446,0.00841914812730015,1.4735909825126097,0.4116467134664355,-0.4323131447569448,0.0443530612095694,-0.058008440729217174,0.49706213343463795,-0.2829470291201845,1.171991014673068,-0.18910391610896315,1.9960704563918477,0.5652892065334745,0.14003000186302522,0.012816781041782556,-0.11776722079771487,0.07863829301674319,0.9752015413513349,0.0192463383373659,-0.14382544991357127,-0.0026512846501044723,0.0345806777446253
2007-10-31,0.7926501725711428,0.002067603767974784,0.023132110834303273,0.036767410103295414,0.010295858286904418,1.4912926592409232,0.4888713500889821,-0.4723544010416491,0.10356957905984185,-0.05178225023021934,0.5105600396500717,-0.34692712832372014,1.096912178324159,-0.06641584123333345,1.9603688546908393,0.5521030547700783,0.13147897949936221,0.007161306353243619,-0.1151816282353798,0.08277954213603178,0.9744011466065189,0.014193518920344497,-0.14873068459068375,0.001332731972597723,0.02687381158271277
2007-11-30,0.8184183127824551,-0.007572654926650999,0.010930741187978427,0.0392310821970635,0.008325959893310208,1.5098365773490376,-0.15033782100553106,-0.35667815055683977,0.1327847862167117,-0.02754473318555639,0.5283790403751623,-0.3280560532633575,0.9263885146324988,0.04963089709515986,1.95977448622512,0.5949966703233023,0.10047851427311591,0.07788747137763424,-0.15316293471148887,0.06777219004962062,0.9996179010849091,0.0037098335017860303,-0.14626400264997982,-0.006803426009742127,0.04249573607180684
2007-12-31,0.8185242580831754,-0.007545978122840232,0.010935444888516416,0.03951361494792243,0.00787290100629602,1.5047480946312604,-0.11882216924260956,-0.35087903849045754,0.12190527996507436,0.0022094585116831586,0.4691849193605733,-0.30199237893105735,0.9777785130426808,0.007814877455427374,1.934667589260087,0.5937018531485847,0.09183103895236176,0.06839569030081802,-0.15546046052528734,0.10047751437310454,0.9199898396078889,-0.0066977676575780635,-0.006760347964637176,-0.02672376581961592,0.1396586012730482
2008-01-31,0.8224857573158186,-0.012480850919159249,0.008760207196283171,0.019567540893031605,0.02031476073859776,1.5115663638830323,-0.1570667096138855,-0.3533183511406011,0.13484567472178233,-0.00408692002518488,0.5568040356011296,-0.37612954551023525,1.2417231681317276,0.03199890973292785,1.7983245112349202,0.5834101822973388,-0.030319373101373948,0.15347054698906368,-0.17816830675052378,0.2025463073997835,0.925817142191174,-0.029750880494623946,-0.00427603570381725,-0.023749797647355003,0.13871488322386258
2008-02-29,0.8245136326861648,-0.0077087525331435815,0.012867772209351255,0.009030727655591004,0.017782404995112217,1.515792291077466,-0.20780643621577333,-0.32137185299268606,0.11882429358529084,-0.03310716904061852,0.6295573030395742,-0.324579320985872,1.250629981670841,-0.08645935036119655,1.6789932755935186,0.5798271840908382,-0.016168956083843264,0.1572852909927314,-0.19693137430512928,0.23785382651181544,0.9688236255416376,0.0012829477717685167,-0.01857080921911136,-0.037321180266795026,0.12431458856102647
2008-03-31,0.8345202693709954,-0.0027545591277364882,0.008299432086571783,-0.007959327220619958,0.012763065144140658,1.537634415634865,-0.15736335206139826,-0.32135404319224775,0.06790970059844872,-0.04829146591219082,0.6309385936519784,-0.32540286111296474,1.2462958564564983,-0.08637495595277603,1.6830268929308854,0.5081796896010743,-0.01572803562674365,0.22031531262317483,-0.20260083081040148,0.20104560907582225,0.9706852082426977,-0.014946480274654048,-0.010061172587168366,-0.04671330579451456,0.07263130385567243
2008-04-30,0.8274779494828807,-0.004762321489474272,0.030600768841705813,-0.008485882595085327,0.009803000977152419,1.5384081977995863,-0.16018536070233075,-0.3189633010119908,0.06649492443294946,-0.04767486128061713,0.617010139118192,-0.3497393136980207,1.3227129555300032,-0.20432760324344962,1.781053655372544,0.49872689440845525,-0.01084883523078491,0.2164554609003916,-0.19158219930528805,0.2028596508251501,0.9468919468161916,0.01604237441629979,0.013106949337361215,0.016852264856073496,0.039156018244070646
2008-05-31,0.8272892863693463,-0.0027272556438027343,0.028859232003905097,-0.007035867737416201,0.010249463236742723,1.5379404125332328,-0.15995002276961037,-0.3185486626227425,0.06633211836913801,-0.047845648236528183,0.6006014496247754,-0.2098723119212019,1.3457176598366338,-0.1391397274658705,1.2712798624055368,0.5039988456544848,-0.011475459821893765,0.2154655106754375,-0.19174413120430348,0.20394909779013023,0.8970200860131665,0.01004068438503081,0.09376292759478157,-0.00985397848818675,0.005884507470993679
2008-06-30,0.8270469697005609,-0.0030579171793767295,0.028798678593360195,-0.006942198098957654,0.010341363217917558,1.513845103380356,-0.20206480693574203,-0.3311202642501318,0.05145132793866602,-0.020973101326619243,0.5987316946965449,-0.2081563590938065,1.3455280125215356,-0.13727060700614294,1.2692328653165537,0.5044585185658605,0.02195701423949307,0.23400880107557073,-0.18408502276356672,0.17007245158325582,0.9024816918291853,-0.018803820822451512,0.08148425915279295,-0.008420732166997253,0.016019544333970695
2008-07-31,0.8266456429348081,-0.0037801555465873794,0.029693300181091477,-0.005957677637316834,0.010257992869095576,1.5083013036101163,-0.16853208118704716,-0.3429661482213884,0.05698142846173792,-0.041637370274007116,0.563812835642101,-0.17175540225282165,1.3570318980503384,-0.17915999442218955,1.1777861207865867,0.4883685366238946,0.016401278167495842,0.227063925053473,-0.19277292500583326,0.15196543008526364,0.9149179284266382,-0.014861592866897137,0.08194878669454121,0.00340650779609843,0.01840689524248649
2008-08-31,0.8499753671222277,0.0029354085468929225,0.021111854363580332,-0.009189042221429921,-0.0030044073614094915,1.5165124599627238,-0.15083317300453125,-0.33970630445624167,0.04271640937955208,-0.04487215689509652,0.559591366783329,-0.17708106674327348,1.3457104219217793,-0.1598427725482185,1.1760450682512198,0.5032641392605801,-0.03303701582616502,0.18924640426614253,-0.15614262084842787,0.12780406918090825,0.9042436511295755,0.004824483470268957,0.06965624244466927,-0.015840995921744323,0.014878656039594915
2008-09-30,0.8237681493898975,0.005804054096909657,-0.05805251374058115,-0.0815259392490301,0.014585370848569547,1.4949478436014658,-0.1318110973484259,-0.4074077680503807,0.04687882706257234,-0.06344304831504573,0.5554557262781907,-0.16239871550687798,1.3294544830903672,-0.2126104409342795,1.1336086060746697,0.42471066118289863,-0.053695561486596516,0.13754092891585468,-0.23669023112181492,0.1183044473837021,0.9001452278829067,0.0005844781919988858,0.06470578836839248,-0.0223589914903844,0.009045749843973513
2008-10-31,0.8229860899186481,0.01032289227111645,-0.048871389743693046,-0.08768998966184027,0.020455392204595607,1.4833599976061091,-0.12311060205411466,-0.4453211370141271,0.07691236668408757,-0.07450181185897345,0.5987950518647617,-0.12435946712365381,1.2902201106972573,0.10806826352850829,0.8919055691164174,0.4885135281653371,-0.07484598514364521,0.1396209568040077,-0.28688664354012017,0.09389153153418495,0.9226909917779117,0.05323283725132715,0.041558486712036324,0.05871019775265137,-0.0201360778992807
2008-11-30,0.8503251513314389,0.010728940285404453,-0.06464794739777563,-0.08211176565127408,0.02782642039706964,1.473547845989859,-0.27077839793331276,-0.3556100003892173,0.03373251686418946,-0.07400958354053357,0.6198342598180764,-0.12178879391831576,1.0872538949194352,0.2814707995253358,0.7928784441380224,0.48857299152347206,-0.07811282757558036,0.09372028620749795,-0.2561681248755745,0.10068415569433505,0.8126793355355388,0.047591220429011614,-0.11579318939828995,0.18160088067415014,-0.0031214882196158
2008-12-31,0.8061735985689208,0.013213714398612655,-0.10675219838492328,-0.025460880727961675,0.02090633284402147,1.4425073414678593,-0.23378720155538865,-0.2871092996684542,0.03922733223731584,-0.09412396950438871,0.7116440452099411,-0.21597440691410194,0.7067047686764977,-0.027822577080006017,1.2344020259056632,0.3763104078333878,-0.04710229103285832,0.30257363843218366,-0.09614696261167516,-0.0007791949356222017,0.8541464013517661,0.10744662851843431,0.033224704709631625,0.29643318619491993,-0.12976350961030508
2009-01-31,0.7506162042354059,-0.04090613139583918,-0.03660264219475867,-0.032077784692700145,0.02724852829039111,1.2635473154632648,-0.39850330609415147,-0.11079189101004452,0.13848136180032444,-0.1420643896469099,0.7109001843865678,-0.21781150391174386,0.7003176354610352,-0.019316862545483444,1.2329023188020245,0.3994576416729874,-0.07381019274369945,0.29506730922570534,-0.06318619066452236,-0.014838407792457835,0.8405790604833207,0.13502496789525836,0.04415673436478049,0.2693304839058142,-0.13485973927062503
2009-02-28,0.7507049707444268,-0.044854286829897005,-0.036535395580035775,-0.030085529836689443,0.027449124289126,1.1564500139609766,-0.51555487204774,-0.10091206959076252,0.23146612709555414,-0.160863833305468,0.709878068743001,-0.19260610717691534,0.6296077284426429,-0.0396560254017893,1.1643387484754857,0.3989336305463154,-0.07278723208147272,0.2965723648189301,-0.06122391826253217,-0.012577211384084724,0.6444698601860365,0.04260988196691842,0.2508344473025081,0.20934691695625085,-0.03100110962681238
2009-03-31,0.772085297064557,-0.03268312363008577,-0.0331735841671781,-0.03562289704200349,0.02076609223221672,1.21076863366395,-0.4056812089420617,-0.11281620939686136,0.20967859497844868,-0.1584421917690055,0.708420740380621,-0.10491981516089387,0.619311005966028,-0.03251570797436817,0.9728662468531009,0.3990766630917569,-0.07334075522909332,0.2967886830699557,-0.06119805668956922,-0.012526981507186067,0.6647326442075997,0.11564481622902545,0.28428081681872,0.196172326385193,0.06958674948602042
2009-04-30,0.7628968831606658,-0.024002881869652028,-0.009424587236466664,-0.05004107913851163,0.015608882537008952,1.209596270036648,-0.39608815744960557,-0.09896183090299503,0.22098573383090966,-0.16350453164389658,0.6864909645013146,-0.08512160028082655,0.5895502414753824,0.061041408061804435,0.928275680982849,0.3945943012791312,-0.04277997122318887,0.2766990125376553,-0.024019064622535773,-0.025178336970085063,0.8602798093133348,-0.0019300267848548353,0.21363793702408534,0.02311198599034961,0.003007896145271041
2009-05-31,0.7640924031219551,-0.024008706582587688,-0.011339378948863886,-0.05188807913690673,0.012624138125069146,1.2367632913699134,-0.4338598567055011,-0.11284453817281004,0.16141828309927808,-0.18298852608515853,0.6636413981619217,-0.04154802086692945,0.4568964616605704,0.04890172688635187,0.7447898862855242,0.4665458779487296,-0.022693825209454923,0.3309857076118468,-0.008862495303921277,0.0684606100597642,0.8609424276647557,0.0037594368582791835,0.2145006019571119,0.022203493602107383,0.008496111143758457
2009-06-30,0.7615971983332677,-0.023128814416997944,-0.013497962611344907,-0.05234346484003748,0.015071231428016528,1.2336727694301386,-0.45321173334158277,-0.08352164593814368,0.147746379888431,-0.19262427269914334,0.6515818713576235,-0.07859186077877997,0.4892920153569766,0.10055714392630502,0.8063634821158392,0.4229313637072318,0.008903854234566012,0.2904076438421055,-0.0657543864668571,0.08568530315710216,0.8633788699985954,0.01606832136176889,0.19838772609474292,0.005383768980140893,-0.013844282550033771
2009-07-31,0.7605325854776838,-0.024192490441556552,-0.013780807348453737,-0.05277493494597006,0.014676238047396541,1.2454806521327513,-0.43369417173351155,-0.07524141463293099,0.14346402687377902,-0.19157176998855624,0.6430488452998889,-0.047963269708059794,0.523284644228531,0.16883321720888977,0.7225753001354268,0.4088083338457226,-0.01503406733232671,0.2801741105231515,-0.07827396340174331,0.08914399566738658,0.8578024660637861,-0.009349989941274714,0.18672978969735257,-0.007648517534925247,-0.01780379295355002
2009-08-31,0.7614313086684548,-0.024032474798150776,-0.013777872766069179,-0.052171683314488806,0.014530938394373182,1.245453701531395,-0.43536260274242494,-0.07537069944058812,0.14278287983861535,-0.19129371116206476,0.6328049146482907,-0.08595275125939653,0.5770146786357584,0.16851054796110046,0.8365914092137963,0.3831775564050816,-0.007048380820807351,0.25803207838252984,-0.08584871075454367,0.09388027314975644,0.8637347952134582,-0.0229920749467471,0.22328000602466996,-0.00451894964213231,0.028449793304236724
2009-09-30,0.761586918506141,-0.022316863162888622,-0.01126511998832832,-0.051216805222825026,0.01764926873598973,1.2466313264918343,-0.4428395152721449,-0.07986989087648423,0.1368796497663378,-0.19010288627665015,0.6473376064412787,-0.07391297246951703,0.5324710650814776,0.13526130343823312,0.7910456009321725,0.4064426964949671,0.022605310509742238,0.2716354325702944,-0.06581885604251791,0.08793101898955995,0.8750837921449326,-0.004711228618164705,0.21692235147393932,0.011559327899896301,0.027057459296578167
2009-10-31,0.7622522787799515,-0.02547593178551052,-0.008672492904519226,-0.0520381531969039,0.01856339748269422,1.2358957974892835,-0.4344757600236523,-0.05514026988714596,0.1006996699969181,-0.17085765561797245,0.6545651062501944,-0.06589923100926895,0.5246637873339959,0.14881907624622856,0.7447971778427193,0.4327443079003493,0.03974890589746394,0.26786367487391965,-0.09311002886002248,0.04538286816252742,0.8759433933966064,-0.004958311953015809,0.2168078523613533,0.011774562172930762,0.027316591044597733
2009-11-30,0.7627022906457438,-0.023675257917987143,-0.010674984945548553,-0.051625723411016344,0.024019767405143624,1.1994550284900023,-0.4910400791690325,-0.041471298277133424,0.12080369261051012,-0.18050861708980329,0.6545684130294074,-0.06580060930958097,0.5242773339623324,0.1489150762945486,0.7444291451934716,0.44871670465191965,0.057498820326423845,0.3077955356852985,-0.1030749000923749,0.07220263813633512,0.8699895052835471,-0.011517180581246667,0.2088936135609622,0.015547628129899618,0.027732331514642918
2009-12-31,0.7575719896404801,-0.020024200945797037,-0.008894919730996226,-0.051469270346913946,0.021360182441399863,1.2019901643108104,-0.5558988202254079,-0.03245683507648418,0.12836941058539197,-0.17756030197673758,0.6636423189450038,-0.04628282913697984,0.38037540956763943,0.1869670452129356,0.6976719472206423,0.4538690344981616,0.04262193311946378,0.35126461545286203,-0.11604246772552514,0.0625884121375335,0.8328115238479725,0.017223216463634276,0.16548213438103673,0.03851779035819251,0.06490220987024511
2010-01-31,0.7618834616275303,-0.021990249952128477,-0.007146452907990004,-0.05128796321192496,0.020184158411438707,1.2627778511682721,-0.6814068230877294,-0.07980201676743921,0.07924502073737677,-0.12256230344667313,0.6800737662393327,-0.02203615451541913,0.351706991361996,0.16463441607243096,0.6478851354811381,0.43323744359583155,0.07534552163449935,0.3376684295612248,-0.1508077987614318,0.12094363466989747,0.8303717675024282,0.025454538126595976,0.16165657300468064,0.032477974081357955,0.058994304767817966
2010-02-28,0.7617360384124641,-0.022962200318856783,-0.006662544528879615,-0.051231551287481324,0.01955941323963326,1.2668306334132038,-0.6769598783844586,-0.08144524869786646,0.07661906435033888,-0.12025517601898797,0.6847816882965966,-0.034735966086420836,0.35801117947658734,0.16011870432340308,0.6843084712066956,0.4356988611247543,0.0829348208960489,0.3363598364853771,-0.1558768097145652,0.10372145919872419,0.8046872643739524,0.027020858696799727,0.18960955175661925,0.026362870206593184,0.07086153433830775
2010-03-31,0.7612520182996959,-0.014782967589476918,-0.004950539991191343,-0.046444333458547746,0.019024973797010174,1.2589138851149697,-0.6753725032723199,-0.0811843311857579,0.06147658483562597,-0.11321175659593574,0.6541755281904347,-0.02936510580714474,0.3188046170025714,0.15772218097355567,0.7717848391309191,0.4675944044281835,0.14554639236870737,0.3265141682346371,-0.14861393255127892,0.0710149296394018,0.8023419510008112,0.009097987017350012,0.18502925632256204,0.014572940537312696,0.06700205901232247
2010-04-30,0.7597773386013552,-0.017089369335366186,-0.005126517474823778,-0.04695952239952441,0.016409084628111633,1.2568526295889135,-0.661980448477469,-0.07577074744754257,0.06640305812985452,-0.11055467839298555,0.6520282706252127,-0.0060044093380090535,0.313690582706836,0.14055926347941916,0.7171323660043376,0.47799936342946514,0.14229606556278568,0.32875333577319316,-0.13073030168087066,0.08295097530995231,0.7825498636213107,0.008351680057792743,0.17783549556266043,0.005869443903012675,0.05863399552966657
2010-05-31,0.7612725917567721,-0.019760879076032863,-0.00644844924452906,-0.05010337225949271,0.01811142557579158,1.2451591024167594,-0.6514996326434234,-0.07570944157529179,0.06072210467311852,-0.11971660454354945,0.6533879933153593,-0.022367558089741092,0.3344901769177636,0.13489051827044435,0.7829288002773952,0.4433449352283366,0.10446209574856291,0.29789735172502213,-0.15061366934743045,0.03438622292064526,0.7812031305707726,0.01846856076989694,0.1724762725090184,0.009274346391864703,0.06067012975988528
2010-06-30,0.756036746092551,-0.013121613512712982,-0.0121285831908364,-0.047779416321687695,0.017153529443974334,1.2250650254811786,-0.6394426509694975,-0.05841653566597996,0.05348879588341832,-0.11404605908875737,0.641828915283883,-0.05498847596974832,0.3321639236149675,0.09754475540075713,0.9410422105509166,0.4345383282850389,0.10282070876479739,0.30293539601642605,-0.14485933280125818,0.03564644753833553,0.7785898338506192,0.02008943677153551,0.15936130545553467,-3.031169654453547e-05,0.06711821017620363
2010-07-31,0.7642445902372843,-0.009304136413902172,-0.009016212638804614,-0.04782098947482508,0.012084934214354172,1.216975732419841,-0.6484562198634571,-0.060667937643525675,0.06052441607877611,-0.11994685792506735,0.6471126343896261,-0.05442453331647423,0.3641224970958083,0.10100068200179556,0.9353282669422067,0.4862841331299721,0.04643051485517487,0.23826570658930685,-0.17697900842553285,-0.016887658286585748,0.7820506390468221,-0.009795024837248423,0.13944134734919492,-0.006032258483744071,0.06514890375340941
2010-08-31,0.7518492849575041,0.007052668877055681,-0.015134374398191562,-0.057076817052373524,-0.000226811237901553,1.2358773505263503,-0.6531164775132308,-0.07112412374430926,0.055430479307119224,-0.11550132102439123,0.6462950144929219,-0.05355902745756865,0.36918584812867355,0.10319700540808957,0.9286329612689688,0.5271268605978693,0.02534194979759952,0.30612563895881617,-0.16262631571815353,-0.05823705908292402,0.7700674741098432,-0.003257638864096253,0.12711422632976455,0.0041262618169216544,0.039333296044151436
2010-09-30,0.7523322365420467,-0.002078302492863353,-0.015370457847897825,-0.05962264652150786,-0.006818150512991276,1.23393990405502,-0.6553787450515871,-0.07064629089866717,0.05445285787682771,-0.11630737379607464,0.6459959086498591,-0.056715695367687585,0.37569555881591143,0.09983520525279184,0.9445941199955652,0.5606799947342502,0.0886597252403458,0.321087596353173,-0.1677332351487937,-0.033874176824657626,0.7773521503507628,0.006449885757447775,0.12444150601137888,0.0016454025890209833,0.04296593086363501
2010-10-31,0.752754117541124,0.0029892691148345136,-0.008135002409508416,-0.05204157041456274,0.0036626758827167207,1.2400160032725989,-0.6384249346132796,-0.06672493695325801,0.05758272233373703,-0.10686102010109905,0.6432025185789262,-0.02319479405414014,0.3424133306518444,0.0989893784747084,0.8506199663304442,0.6099956223944917,0.05916115457686555,0.33211039121643277,-0.124271279362296,0.026928594715272695,0.792291290487647,0.004789520023866656,0.11162388723035406,0.02181996273793777,0.052674600100766106
2010-11-30,0.7503636187854483,0.005308173409121068,-0.01078012216878137,-0.05311336620362257,0.005592687679593551,1.2306941512550222,-0.6216144262155024,-0.041156702486328675,0.0315326187392481,-0.0980074268940269,0.6429868940426224,-0.020610760243631787,0.352621951092337,0.10014485719762453,0.8397577164472765,0.6129175376900827,0.05300257870156345,0.30309591126582885,-0.12570856758978421,0.0347034582571666,0.770674217718444,-0.010548896953526888,0.09561760735483348,0.01091830530578073,0.1029292142488954
2010-12-31,0.7443927052842246,0.010395794854283784,-0.010293556216140068,-0.04831602056012684,0.00836621020109191,1.2302390923357327,-0.6169780501876575,-0.04017134282998728,0.027324469249702738,-0.10955201256857687,0.6510923544122996,-0.030384400089325355,0.36211592411887866,0.09216159181707381,0.8735019913826282,0.6325147625877952,0.061920806984370344,0.29862518039437197,-0.13397981160733033,0.09142473202452864,0.7845159112658886,-0.02397641110306345,0.09734186331647152,0.00644156370302357,0.09574248627089423
2011-01-31,0.7447120114399348,0.010299081226453632,-0.00954347511991814,-0.04808137409749216,0.007206580825193033,1.2400695545755784,-0.6084147084997319,-0.029674385070691214,0.012290868840846379,-0.10860298221222649,0.6511410319029717,-0.03294324800260145,0.36355045440299405,0.09367421046541033,0.8785804575653964,0.6269283262083744,0.09260189332872462,0.2953441277206282,-0.16908052378235813,0.07787058330962014,0.7764853444267454,-0.04025015213111271,0.09389991731278906,0.04420458441876364,0.0991605918066539
2011-02-28,0.7447376180103945,0.010539291276080788,-0.009479769190093886,-0.048098187966929606,0.007576407483081514,1.2262695564318693,-0.6043125070989445,-0.033339654259620356,0.011283989897084649,-0.10804294697823057,0.6510738042468852,-0.03353327375322914,0.3640652341964062,0.09367778909749613,0.8802468038979179,0.661309065547772,0.07026532751133865,0.3072120540236956,-0.14944061155993732,0.08801681187471554,0.7681174292629613,-0.03760363877261668,0.0903802257836963,0.035519200045242234,0.08546491888087197
2011-03-31,0.7447424857765934,0.012060036109040113,-0.009257401940147934,-0.04957988266623764,0.0084723547649188,1.2341981265174746,-0.5966363978811551,-0.03668002180595397,0.004492471826226026,-0.12054103611803521,0.6438457855738454,-0.07868633497148622,0.39107437956223007,0.09600450478241788,0.9955564926925424,0.7185169288365768,-0.03506138228755577,0.3195775702223908,-0.1573377072076338,0.0901662618126715,0.7795585109784428,-0.011215256165175033,0.09271281893447385,0.03802851224758338,0.09371037876233873
2011-04-30,0.746244807703422,0.012274622806863061,-0.00876028281253404,-0.048855440473294424,0.011384821086041667,1.231212343405133,-0.606906511390636,-0.03773541341506786,0.005223843914016622,-0.12311446696293135,0.6448473828188948,-0.05737505482931235,0.322345852278467,0.10278512897598203,0.9359716369608262,0.737353163122194,-0.02920518300110505,0.35573537766214336,-0.15119896454939105,0.10219103308994015,0.8253509314938842,-0.001964852672371958,0.1241452473304024,0.04719602214986591,0.10554031156965575
2011-05-31,0.7486448378122114,0.011903521848244841,-0.00825916758017467,-0.04977855317573665,0.010794224224943161,1.2291472397835674,-0.618700953823424,-0.041260782752600526,0.009602897759266739,-0.11483279502526175,0.6415657612559118,-0.056396718670606326,0.32296811055755903,0.10833953223913337,0.9291392919576156,0.7566370082744245,-0.02231209214222227,0.34296202046969565,-0.18385174432050938,0.15683901052096058,0.825458483339924,-0.001123408289569949,0.12216168725189717,0.04693506848771897,0.10567595247396538
2011-06-30,0.7466563711973889,0.010354603690475698,-0.0088296608243489,-0.05444322474647467,0.009286962844865685,1.2262239313400627,-0.6207269713976749,-0.03788992612237258,0.012769909204741333,-0.09871793645931748,0.6321482405561282,-0.04706866936670332,0.32707145569559315,0.1065311118266984,0.9105718916987847,0.761435874962838,-0.02355971392186549,0.3393995403335577,-0.180514266983686,0.16692102856725102,0.8846853541695611,-0.02984231294185398,0.0717489638875366,-0.0009529307152999489,0.11894594266162208
2011-07-31,0.7438922314363913,0.014680441738027638,-0.01118237028091254,-0.054990317678778385,0.002686895956282064,1.208349240326864,-0.5937578634622478,-0.011201101861746384,-0.015072338940118458,-0.06780624723219997,0.6360252072237139,-0.05051021343437237,0.3417291710592302,0.11282271598190043,0.9033939110119358,0.7559973907605689,-0.035165734537782184,0.35913613924611126,-0.1718158239124466,0.1811943529943949,0.8975142942905883,-0.029869933846718596,0.07370616272570801,0.005535846156291853,0.11335936841515662
2011-08-31,0.7439042197011853,0.013476391591150508,-0.012411202692168194,-0.05628334077800708,0.004482436174480778,1.2079984118281542,-0.5921429531046258,-0.014478567097533812,-0.03403105823404216,-0.06254975399760665,0.6164784637793934,-0.06838826227956216,0.33349969749565933,0.10746201974534546,1.0154199852070165,0.7664429413883317,-0.020329126036954297,0.35301794338882037,-0.15971705096932737,0.17374812704736764,0.8954808986624074,0.02089283823532025,0.04630132453868882,0.04715438863100095,0.13647842696121154
2011-09-30,0.7383241095970459,0.020913762130613987,-0.00890923099886005,-0.05675900643752326,0.011399609727145325,1.2063586321325828,-0.627014721668918,-0.019617773058639813,-0.10636436800113386,-0.14392586344424918,0.6319908559982569,-0.07879545801431194,0.3537278814777109,0.08481520107407414,1.0803456714279527,0.8267878406508866,-0.09366524158027897,0.3394671597621475,-0.15976602050571395,0.06819044088946183,0.8910112118686356,-0.009275643385314818,0.033109707428777786,0.061012290654682735,0.14300461518321567
2011-10-31,0.7370024182363688,0.012705766731983934,-0.015042103769752301,-0.04855326900352233,0.009559196634266551,1.2047718017042597,-0.6273978424978194,-0.020496408246604973,-0.10598270414225068,-0.14407073614786534,0.6319930959357487,-0.07885946576695305,0.35376726400173614,0.08452864449020223,1.080053148826445,0.8401439593159737,-0.10096638780271477,0.3393150689724865,-0.17218709939344282,0.06855572350104867,0.8882590183709272,-0.021205740808713687,0.03365662003135324,0.03351223132426821,0.15891605772293438
2011-11-30,0.7367515792703436,0.013395601174873813,-0.017881785872337422,-0.049999879631651624,0.010381023721171894,1.1785437218553585,-0.6312003889681099,-0.0035950663907310734,-0.06367165241088679,-0.1400874506516948,0.6327796208718695,-0.07959827315517154,0.34992650775652273,0.08499676214298155,1.0787857735748283,0.8448870759450522,-0.09311554920499782,0.34961787739222944,-0.17364562319597815,0.06516048130945695,0.9204734044872827,-0.05549587502920671,0.009185960318350225,0.03707900645011518,0.15529977310938967
2011-12-31,0.7369605446527786,0.01341873365866511,-0.017762519851944502,-0.05005989553118307,0.010192591132080929,1.1768449864465271,-0.6301139965179726,-0.019698255800026168,-0.053185049151904626,-0.13270561126337466,0.6347187583799861,-0.08025154110761733,0.3478476643389605,0.07498405599255495,1.0896742007179518,0.8327740374916263,-0.10008130853507316,0.36008055467917777,-0.14101598659215495,0.04946591239385529,0.9320719747538331,-0.022512293020615748,-0.03013616570364874,-0.04787839787467889,0.15964186265211433
2012-01-31,0.7326233252455474,0.010500659444569833,-0.019712591325941,-0.0527639632529345,0.004799628709024413,1.1860389913675191,-0.6157022007696182,-0.018115535293651747,-0.03160991115821876,-0.13661939603653817,0.6216793643017614,-0.07453018594115543,0.3700528942483618,0.05791362306122354,1.1331107440858965,0.8502595093011057,-0.06195478992372516,0.3750803528858532,-0.14806352032693765,0.040191076643693646,0.9310541288402814,-0.02365596563620624,-0.030526433186779174,-0.04777942396937743,0.15845143639677636
2012-02-29,0.7331068226600682,0.011083005091094085,-0.017396901512710776,-0.04934814179727494,0.003411867324478322,1.199909253761871,-0.6247707949557524,-0.013970876242027436,-0.014507703289036809,-0.13589582265081718,0.62466785407263,-0.06763217403397895,0.37225733920294385,0.060798776157189,1.0923691770486452,0.8577413652085355,-0.05655718213493661,0.36791607626658024,-0.14103766799917605,0.04557584452518971,0.9295006294575516,-0.022493346761310446,-0.031336223908099356,-0.04677167626340005,0.1600483945797512
2012-03-31,0.7303464436856436,0.015829896034885837,-0.02054543869703756,-0.049724332320158944,0.0009633137427667369,1.2079196664727887,-0.6241518057387249,-0.0159833765111139,-0.017401296961978414,-0.1417398829939299,0.6323791503303308,-0.05289085750766675,0.36417015221262494,0.061672248682094664,1.044550824823573,0.8137992161863925,-0.039128378345883716,0.3761714354699885,-0.1528120008320043,0.09815897624603825,0.928047147031965,-0.02726717133880609,-0.035582461593517994,-0.04604111598067446,0.1696334551054746
2012-04-30,0.7279087790850113,0.016704137501262,-0.021973003227186243,-0.04938626947459599,0.001008626280119635,1.2046682177549257,-0.6350526627811951,-0.02842780308590897,0.0019382503484082492,-0.14248615734200967,0.6325977467047401,-0.053033574078662576,0.3673228792285345,0.06466257031520105,1.040065209388566,0.8208614413180854,-0.02609108787703609,0.34979823545256156,-0.17649173380843491,0.09810131706338665,0.9204145861193059,-0.024856718077349405,-0.03940825002278106,-0.04818959388525678,0.16641978385422335
2012-05-31,0.7234625277555216,0.0215644345787771,-0.02221663304147957,-0.048312531985760104,0.005080687112862719,1.2123163795065122,-0.6321791556589968,-0.03738570927773012,0.02042714281865739,-0.12641813392448975,0.6317275636985793,-0.05204587284558331,0.3654163338454149,0.07080052295827811,1.0277969572572592,0.8242935540477909,-0.09390642324676335,0.3484072957490396,-0.16517473281924522,0.02075000284105369,0.9135686658297035,0.015022927232753135,-0.041894007315176146,-0.0394910118227033,0.18221790119340248
2012-06-30,0.7234685766513674,0.02151847073061399,-0.022254350528205263,-0.04824394301567434,0.005066935998348659,1.214380585322967,-0.6355556742242489,-0.034142089698066605,0.014620121628097648,-0.12181088838684812,0.6190368127513509,-0.06231029570463515,0.38005815802925746,0.05696925479404482,1.076489865299784,0.8591532973798257,-0.08977391922442499,0.35670381027119435,-0.19912366432280768,-0.009217996410375951,0.9052582322735612,-0.008293806632067437,-0.022377490841941787,-0.11162965614017661,0.17460615643357613
2012-07-31,0.7213852047765849,0.02235379675245582,-0.023639456110444924,-0.049741289314632835,0.004751108165515986,1.2148075134460405,-0.6344610844154448,-0.030913215515721328,0.008726018012940595,-0.11654348646979,0.5910850459707525,-0.07000630021075792,0.38420233768017265,0.027105073475460557,1.1598584926052216,0.9145160019095431,-0.12912945644233925,0.3799612993752322,-0.15022141179852505,0.06613084365396069,0.8911229713702774,-0.014057263287050849,-0.05078815029436689,-0.11140531372310933,0.14850745495395273
2012-08-31,0.7214096434378385,0.022529622481404832,-0.02354353915632245,-0.04965999232348848,0.005077761036201565,1.2276310224505889,-0.6333835814694441,-0.02632981557030044,0.008548641502293317,-0.11609894712772284,0.5927367765658395,-0.05552052061763204,0.36876134157257573,0.026963311074885747,1.1202956761762712,0.8686046233741438,-0.1063338926062644,0.3501404069924609,-0.18434375127732286,0.05367254837516766,0.8626516849585601,-0.04145884256271827,-0.05817484263008201,-0.07531702055754724,0.21592876829058508
2012-09-30,0.7215233662379393,0.023069077577944654,-0.023077830497339618,-0.049453941723331,0.006120962911461419,1.228125579923532,-0.6363029671747953,-0.029074933602336133,-0.003718863749974013,-0.11640698282746564,0.5844490580181094,-0.050022892524106216,0.3938603929254582,0.013110325314920547,1.1452477571081654,0.8665208270595303,-0.11816070230554053,0.3441140502296464,-0.18571166331826158,0.05644233086292024,0.8762160696104385,0.025063831114371785,-0.07853768898658348,-0.08083711948324615,0.24131975043277012
2012-10-31,0.7219277419987182,0.02527361670925147,-0.0264625657865382,-0.04881946457518886,0.008159939503710509,1.273476922292784,-0.6324354452580742,-0.0577953136146825,-0.05211885389388059,-0.08520524173656777,0.598284132439299,-0.04885438479749808,0.3905078906526675,0.0005556074234039175,1.137400130827303,0.8764573747874067,-0.12576204229275473,0.34142229447644007,-0.23174458754671198,0.12107435312086764,0.844927230418613,0.03901664778825299,-0.06010115865334075,-0.09998698316940241,0.22041147820131846
2012-11-30,0.7209356222008763,0.02490744828001299,-0.027768265537338497,-0.05071861065658497,0.008747689923799234,1.2675510959444964,-0.6370216046385067,-0.05987027710602119,-0.050066458805234144,-0.08375916283097216,0.5965971308903691,-0.04719439312490773,0.3864817960912076,0.005274344961090212,1.136006202502529,0.8735014297687482,-0.12756695705159857,0.3423744756034037,-0.23416545629320668,0.12179864339217766,0.8382586866139111,0.03449411593338028,-0.057621451675517396,-0.10411224412685365,0.21855610405548184
2012-12-31,0.721926550224443,0.029301852881281492,-0.026214297086353904,-0.046471815086764824,0.005128878516058645,1.2677759504723514,-0.6372513656520348,-0.06007362152402196,-0.050830931423248765,-0.08343200673901148,0.5985250981786279,-0.048310803395852094,0.38767534007051324,0.005486674499205413,1.1341811122117407,0.9245666080742484,-0.053883304707004115,0.3207504358232528,-0.20666710562405397,0.06376133322147165,0.85491664830794,0.017964699614663893,-0.06134146252013323,-0.11298862939449211,0.2146385299919656
2013-01-31,0.7219952502453232,0.028284645846842933,-0.026082959700008863,-0.04753254949491932,0.005441983225244018,1.2453854539118974,-0.6609855699504897,-0.053637147418985155,-0.12134182937612122,-0.08337971427725595,0.6019734689277145,-0.024553343111128643,0.38038293529975886,0.011467741007277113,1.0538684479107325,0.9367228945022408,-0.054450624503752466,0.3151064422680382,-0.2027865101660451,0.06778460297618673,0.8776254873284681,0.028786892338695583,-0.007500429863724553,-0.12611306169556538,0.13166444275623174
2013-02-28,0.7219904241747817,0.02828245756223227,-0.026082345418113596,-0.047533949159448585,0.005448085353657764,1.2374918599534723,-0.6699216493138933,-0.054350528533720854,-0.12605273675302758,-0.0683857241444445,0.6098438063736593,-0.016999380226112224,0.3812765147914833,0.009785368086840338,1.0237414096522173,0.9294246876174197,-0.04893566147679091,0.3239079317700122,-0.20959393267780352,0.08392874773583221,0.8806343974193759,0.00871375624485481,0.024665628228289146,-0.11266010002455945,0.14972465952592065
2013-03-31,0.7219583775060058,0.028215262694378407,-0.026077376934053043,-0.04755964695623595,0.005439271641033277,1.2123155367661422,-0.6733371088725757,-0.05641170830970998,-0.12135985563601759,-0.06602468339381132,0.6137864852501849,0.0252300775606242,0.3591818568680475,0.006706855583168181,0.9089516240518843,0.9144451159624091,-0.037167931483291304,0.3260953938654922,-0.22142996470426854,0.08032303563028344,0.889298241439147,-0.029819265662433068,0.00826840871718807,-0.07025197105828912,0.16329787350746935
2013-04-30,0.7208500195203708,0.028299035098477046,-0.02673844671548416,-0.04836219216667074,0.007026654273001144,1.1976812396703342,-0.6811213683451309,-0.07106130241022593,-0.11552190462890068,-0.05070733368263779,0.6239904463044745,0.033875249116805325,0.3310627308956739,-0.0015587903525074139,0.8846064835607287,0.9172533575425028,-0.03699986141283374,0.33080901613082087,-0.2185161420815204,0.07735513174839384,0.8865829271819553,-0.03407086837060718,-0.002108621174540269,-0.07891056315556975,0.16225174922447852
2013-05-31,0.7286800676708859,0.022940861065441444,-0.023255339946692603,-0.048438994020464365,0.013364018959281836,1.2100964475454596,-0.6840327969405051,-0.08743389740246618,-0.09002105620587016,-0.0693456004400897,0.6196861586960408,0.019435374597310096,0.31534590022247805,-0.0060831640951837665,0.9393549285213987,0.8936862523379734,-0.012441606886416594,0.4046891441666022,-0.21514333562778706,0.09610923691082854,0.9267068309388236,-0.022845837848084968,-0.008839079640572697,-0.08614380268362147,0.16318684598376168
2013-06-30,0.7256982385198777,0.02333626012674927,-0.026681950836292195,-0.0517063240845481,0.007919278344554925,1.2093867348450125,-0.68541257265387,-0.061525533574892585,-0.08512766850162212,-0.04583612945013072,0.622772220277033,0.024530244580688546,0.31368657785692805,-0.001280311332240298,0.9228112963864716,0.8955180385387427,-0.007038328727035863,0.40392701251609175,-0.21126059647692177,0.10005528618411882,0.9429500344421631,0.02706313659670768,-0.04266062202726281,-0.047587451675409925,0.1628877255432016
2013-07-31,0.7247521498170583,0.01529644007598292,-0.027553602876711845,-0.050861997559112804,0.003299331022938292,1.1811022843706604,-0.7012258012392392,-0.06637273675396663,-0.09029855781985197,-0.044899716828221206,0.6266396051175338,0.043068003067357086,0.2907159715813734,0.0007012798537961136,0.8667547658358739,0.8586124227103147,0.0074685149570646965,0.3646778335916277,-0.2599927996979591,0.08692771797189194,0.9321909584312077,0.026790296936909076,-0.09715826734104827,0.12445536938943125,0.07571108240294247
2013-08-31,0.7233908947531199,0.014368314549356054,-0.027394740632496105,-0.05140811721543147,0.004236731785997442,1.1734991345546144,-0.7126441206873996,-0.06726247354912407,-0.10057105551741624,-0.028717813966945567,0.6283574173240697,0.043646708096332004,0.2883588297152121,0.0015067596579055392,0.862078790094454,0.8813716158247632,0.030834786063041762,0.3805737991482251,-0.2627036179045883,0.04477424864095323,0.9311994681823512,0.017209816913285592,-0.10581302449673216,0.12444537344611668,0.07725666666777685
2013-09-30,0.7458787128329738,0.03261470188674814,-0.032665792028352805,-0.04340483933917429,-0.005506663119648775,1.152565357797593,-0.743829416546709,-0.06156695796823079,-0.13325591018456362,-0.007437800243404992,0.6283575634995774,0.04364676232445149,0.28835850021159637,0.001506932389167215,0.862078259267887,0.8390000208918665,-0.07444992382993856,0.3228423648546211,-0.2223362912736095,0.10443341379123161,0.9365246177074819,-0.003486246931029259,-0.11425837537442624,0.1345000591144983,0.06234980807424459
2013-10-31,0.7472766221269677,0.033212911294601605,-0.030228699353494398,-0.04188485960925387,-0.0057977268825333906,1.152085916890884,-0.7439958615972397,-0.06191247875222475,-0.13340445516745542,-0.007165847605004815,0.6306213081446219,0.04447389718330853,0.28508135807572693,0.0011302476058505577,0.8557643799827214,0.8411973753083373,-0.05597229187828527,0.3182860690220581,-0.19605760016021145,0.0955003747498698,0.9439645203754568,-0.03023752637237991,-0.12045418423829038,0.07754098530135309,0.07415385755329248
2013-11-30,0.7484078749699359,0.02730255238515739,-0.029284355780041425,-0.04723129019195553,0.0007249754407387156,1.1597837165304643,-0.738787440893903,-0.06376686130908546,-0.13034648319797576,-0.010380782371185907,0.6360662061870604,0.0702059977008728,0.27875664779690135,0.0034386133404180215,0.7754832115154693,0.8335288851440117,-0.053035461366930235,0.32010376990069167,-0.19763230890729908,0.0968310966502178,0.9092378136067496,-0.04199438693924974,-0.11715934366181495,0.0883887045469023,0.10247180476199573
2013-12-31,0.7484662530053784,0.02728551933416154,-0.029299004756320277,-0.047375341691578046,0.0007991965565488176,1.1675124616604529,-0.7451013066280007,-0.0651250557740305,-0.12726564645430904,-0.007858664448627675,0.6356389906298323,0.05108983283228083,0.2849199703220128,0.0018806675453367399,0.8298166326715042,0.7750867360557394,-0.03495237808370261,0.3234325078820659,-0.20318212819162965,0.08131489128296543,0.9932221475998388,-0.022532433830947957,-0.09898831140032678,0.08321489422961506,0.03164921134948502
