weights_tuple,weights_pretty
"(0.0, 0.1, 0.3, 0.3, 0.3)","(0%, 10%, 30%, 30%, 30%)"
"(0.0, 0.15, 0.25, 0.3, 0.3)","(0%, 15%, 25%, 30%, 30%)"
"(0.0, 0.15, 0.3, 0.25, 0.3)","(0%, 15%, 30%, 25%, 30%)"
"(0.0, 0.15, 0.3, 0.3, 0.25)","(0%, 15%, 30%, 30%, 25%)"
"(0.0, 0.2, 0.2, 0.3, 0.3)","(0%, 20%, 20%, 30%, 30%)"
"(0.0, 0.2, 0.25, 0.25, 0.3)","(0%, 20%, 25%, 25%, 30%)"
"(0.0, 0.2, 0.25, 0.3, 0.25)","(0%, 20%, 25%, 30%, 25%)"
"(0.0, 0.2, 0.3, 0.2, 0.3)","(0%, 20%, 30%, 20%, 30%)"
"(0.0, 0.2, 0.3, 0.25, 0.25)","(0%, 20%, 30%, 25%, 25%)"
"(0.0, 0.2, 0.3, 0.3, 0.2)","(0%, 20%, 30%, 30%, 20%)"
"(0.0, 0.25, 0.15, 0.3, 0.3)","(0%, 25%, 15%, 30%, 30%)"
"(0.0, 0.25, 0.2, 0.25, 0.3)","(0%, 25%, 20%, 25%, 30%)"
"(0.0, 0.25, 0.2, 0.3, 0.25)","(0%, 25%, 20%, 30%, 25%)"
"(0.0, 0.25, 0.25, 0.2, 0.3)","(0%, 25%, 25%, 20%, 30%)"
"(0.0, 0.25, 0.25, 0.25, 0.25)","(0%, 25%, 25%, 25%, 25%)"
"(0.0, 0.25, 0.25, 0.3, 0.2)","(0%, 25%, 25%, 30%, 20%)"
"(0.0, 0.25, 0.3, 0.15, 0.3)","(0%, 25%, 30%, 15%, 30%)"
"(0.0, 0.25, 0.3, 0.2, 0.25)","(0%, 25%, 30%, 20%, 25%)"
"(0.0, 0.25, 0.3, 0.25, 0.2)","(0%, 25%, 30%, 25%, 20%)"
"(0.0, 0.25, 0.3, 0.3, 0.15)","(0%, 25%, 30%, 30%, 15%)"
"(0.0, 0.3, 0.1, 0.3, 0.3)","(0%, 30%, 10%, 30%, 30%)"
"(0.0, 0.3, 0.15, 0.25, 0.3)","(0%, 30%, 15%, 25%, 30%)"
"(0.0, 0.3, 0.15, 0.3, 0.25)","(0%, 30%, 15%, 30%, 25%)"
"(0.0, 0.3, 0.2, 0.2, 0.3)","(0%, 30%, 20%, 20%, 30%)"
"(0.0, 0.3, 0.2, 0.25, 0.25)","(0%, 30%, 20%, 25%, 25%)"
"(0.0, 0.3, 0.2, 0.3, 0.2)","(0%, 30%, 20%, 30%, 20%)"
"(0.0, 0.3, 0.25, 0.15, 0.3)","(0%, 30%, 25%, 15%, 30%)"
"(0.0, 0.3, 0.25, 0.2, 0.25)","(0%, 30%, 25%, 20%, 25%)"
"(0.0, 0.3, 0.25, 0.25, 0.2)","(0%, 30%, 25%, 25%, 20%)"
"(0.0, 0.3, 0.25, 0.3, 0.15)","(0%, 30%, 25%, 30%, 15%)"
"(0.0, 0.3, 0.3, 0.1, 0.3)","(0%, 30%, 30%, 10%, 30%)"
"(0.0, 0.3, 0.3, 0.15, 0.25)","(0%, 30%, 30%, 15%, 25%)"
"(0.0, 0.3, 0.3, 0.2, 0.2)","(0%, 30%, 30%, 20%, 20%)"
"(0.0, 0.3, 0.3, 0.25, 0.15)","(0%, 30%, 30%, 25%, 15%)"
"(0.0, 0.3, 0.3, 0.3, 0.1)","(0%, 30%, 30%, 30%, 10%)"
"(0.05, 0.05, 0.3, 0.3, 0.3)","(5%, 5%, 30%, 30%, 30%)"
"(0.05, 0.1, 0.25, 0.3, 0.3)","(5%, 10%, 25%, 30%, 30%)"
"(0.05, 0.1, 0.3, 0.25, 0.3)","(5%, 10%, 30%, 25%, 30%)"
"(0.05, 0.1, 0.3, 0.3, 0.25)","(5%, 10%, 30%, 30%, 25%)"
"(0.05, 0.15, 0.2, 0.3, 0.3)","(5%, 15%, 20%, 30%, 30%)"
"(0.05, 0.15, 0.25, 0.25, 0.3)","(5%, 15%, 25%, 25%, 30%)"
"(0.05, 0.15, 0.25, 0.3, 0.25)","(5%, 15%, 25%, 30%, 25%)"
"(0.05, 0.15, 0.3, 0.2, 0.3)","(5%, 15%, 30%, 20%, 30%)"
"(0.05, 0.15, 0.3, 0.25, 0.25)","(5%, 15%, 30%, 25%, 25%)"
"(0.05, 0.15, 0.3, 0.3, 0.2)","(5%, 15%, 30%, 30%, 20%)"
"(0.05, 0.2, 0.15, 0.3, 0.3)","(5%, 20%, 15%, 30%, 30%)"
"(0.05, 0.2, 0.2, 0.25, 0.3)","(5%, 20%, 20%, 25%, 30%)"
"(0.05, 0.2, 0.2, 0.3, 0.25)","(5%, 20%, 20%, 30%, 25%)"
"(0.05, 0.2, 0.25, 0.2, 0.3)","(5%, 20%, 25%, 20%, 30%)"
"(0.05, 0.2, 0.25, 0.25, 0.25)","(5%, 20%, 25%, 25%, 25%)"
"(0.05, 0.2, 0.25, 0.3, 0.2)","(5%, 20%, 25%, 30%, 20%)"
"(0.05, 0.2, 0.3, 0.15, 0.3)","(5%, 20%, 30%, 15%, 30%)"
"(0.05, 0.2, 0.3, 0.2, 0.25)","(5%, 20%, 30%, 20%, 25%)"
"(0.05, 0.2, 0.3, 0.25, 0.2)","(5%, 20%, 30%, 25%, 20%)"
"(0.05, 0.2, 0.3, 0.3, 0.15)","(5%, 20%, 30%, 30%, 15%)"
"(0.05, 0.25, 0.1, 0.3, 0.3)","(5%, 25%, 10%, 30%, 30%)"
"(0.05, 0.25, 0.15, 0.25, 0.3)","(5%, 25%, 15%, 25%, 30%)"
"(0.05, 0.25, 0.15, 0.3, 0.25)","(5%, 25%, 15%, 30%, 25%)"
"(0.05, 0.25, 0.2, 0.2, 0.3)","(5%, 25%, 20%, 20%, 30%)"
"(0.05, 0.25, 0.2, 0.25, 0.25)","(5%, 25%, 20%, 25%, 25%)"
"(0.05, 0.25, 0.2, 0.3, 0.2)","(5%, 25%, 20%, 30%, 20%)"
"(0.05, 0.25, 0.25, 0.15, 0.3)","(5%, 25%, 25%, 15%, 30%)"
"(0.05, 0.25, 0.25, 0.2, 0.25)","(5%, 25%, 25%, 20%, 25%)"
"(0.05, 0.25, 0.25, 0.25, 0.2)","(5%, 25%, 25%, 25%, 20%)"
"(0.05, 0.25, 0.25, 0.3, 0.15)","(5%, 25%, 25%, 30%, 15%)"
"(0.05, 0.25, 0.3, 0.1, 0.3)","(5%, 25%, 30%, 10%, 30%)"
"(0.05, 0.25, 0.3, 0.15, 0.25)","(5%, 25%, 30%, 15%, 25%)"
"(0.05, 0.25, 0.3, 0.2, 0.2)","(5%, 25%, 30%, 20%, 20%)"
"(0.05, 0.25, 0.3, 0.25, 0.15)","(5%, 25%, 30%, 25%, 15%)"
"(0.05, 0.25, 0.3, 0.3, 0.1)","(5%, 25%, 30%, 30%, 10%)"
"(0.05, 0.3, 0.05, 0.3, 0.3)","(5%, 30%, 5%, 30%, 30%)"
"(0.05, 0.3, 0.1, 0.25, 0.3)","(5%, 30%, 10%, 25%, 30%)"
"(0.05, 0.3, 0.1, 0.3, 0.25)","(5%, 30%, 10%, 30%, 25%)"
"(0.05, 0.3, 0.15, 0.2, 0.3)","(5%, 30%, 15%, 20%, 30%)"
"(0.05, 0.3, 0.15, 0.25, 0.25)","(5%, 30%, 15%, 25%, 25%)"
"(0.05, 0.3, 0.15, 0.3, 0.2)","(5%, 30%, 15%, 30%, 20%)"
"(0.05, 0.3, 0.2, 0.15, 0.3)","(5%, 30%, 20%, 15%, 30%)"
"(0.05, 0.3, 0.2, 0.2, 0.25)","(5%, 30%, 20%, 20%, 25%)"
"(0.05, 0.3, 0.2, 0.25, 0.2)","(5%, 30%, 20%, 25%, 20%)"
"(0.05, 0.3, 0.2, 0.3, 0.15)","(5%, 30%, 20%, 30%, 15%)"
"(0.05, 0.3, 0.25, 0.1, 0.3)","(5%, 30%, 25%, 10%, 30%)"
"(0.05, 0.3, 0.25, 0.15, 0.25)","(5%, 30%, 25%, 15%, 25%)"
"(0.05, 0.3, 0.25, 0.2, 0.2)","(5%, 30%, 25%, 20%, 20%)"
"(0.05, 0.3, 0.25, 0.25, 0.15)","(5%, 30%, 25%, 25%, 15%)"
"(0.05, 0.3, 0.25, 0.3, 0.1)","(5%, 30%, 25%, 30%, 10%)"
"(0.05, 0.3, 0.3, 0.05, 0.3)","(5%, 30%, 30%, 5%, 30%)"
"(0.05, 0.3, 0.3, 0.1, 0.25)","(5%, 30%, 30%, 10%, 25%)"
"(0.05, 0.3, 0.3, 0.15, 0.2)","(5%, 30%, 30%, 15%, 20%)"
"(0.05, 0.3, 0.3, 0.2, 0.15)","(5%, 30%, 30%, 20%, 15%)"
"(0.05, 0.3, 0.3, 0.25, 0.1)","(5%, 30%, 30%, 25%, 10%)"
"(0.05, 0.3, 0.3, 0.3, 0.05)","(5%, 30%, 30%, 30%, 5%)"
"(0.1, 0.0, 0.3, 0.3, 0.3)","(10%, 0%, 30%, 30%, 30%)"
"(0.1, 0.05, 0.25, 0.3, 0.3)","(10%, 5%, 25%, 30%, 30%)"
"(0.1, 0.05, 0.3, 0.25, 0.3)","(10%, 5%, 30%, 25%, 30%)"
"(0.1, 0.05, 0.3, 0.3, 0.25)","(10%, 5%, 30%, 30%, 25%)"
"(0.1, 0.1, 0.2, 0.3, 0.3)","(10%, 10%, 20%, 30%, 30%)"
"(0.1, 0.1, 0.25, 0.25, 0.3)","(10%, 10%, 25%, 25%, 30%)"
"(0.1, 0.1, 0.25, 0.3, 0.25)","(10%, 10%, 25%, 30%, 25%)"
"(0.1, 0.1, 0.3, 0.2, 0.3)","(10%, 10%, 30%, 20%, 30%)"
"(0.1, 0.1, 0.3, 0.25, 0.25)","(10%, 10%, 30%, 25%, 25%)"
"(0.1, 0.1, 0.3, 0.3, 0.2)","(10%, 10%, 30%, 30%, 20%)"
"(0.1, 0.15, 0.15, 0.3, 0.3)","(10%, 15%, 15%, 30%, 30%)"
"(0.1, 0.15, 0.2, 0.25, 0.3)","(10%, 15%, 20%, 25%, 30%)"
"(0.1, 0.15, 0.2, 0.3, 0.25)","(10%, 15%, 20%, 30%, 25%)"
"(0.1, 0.15, 0.25, 0.2, 0.3)","(10%, 15%, 25%, 20%, 30%)"
"(0.1, 0.15, 0.25, 0.25, 0.25)","(10%, 15%, 25%, 25%, 25%)"
"(0.1, 0.15, 0.25, 0.3, 0.2)","(10%, 15%, 25%, 30%, 20%)"
"(0.1, 0.15, 0.3, 0.15, 0.3)","(10%, 15%, 30%, 15%, 30%)"
"(0.1, 0.15, 0.3, 0.2, 0.25)","(10%, 15%, 30%, 20%, 25%)"
"(0.1, 0.15, 0.3, 0.25, 0.2)","(10%, 15%, 30%, 25%, 20%)"
"(0.1, 0.15, 0.3, 0.3, 0.15)","(10%, 15%, 30%, 30%, 15%)"
"(0.1, 0.2, 0.1, 0.3, 0.3)","(10%, 20%, 10%, 30%, 30%)"
"(0.1, 0.2, 0.15, 0.25, 0.3)","(10%, 20%, 15%, 25%, 30%)"
"(0.1, 0.2, 0.15, 0.3, 0.25)","(10%, 20%, 15%, 30%, 25%)"
"(0.1, 0.2, 0.2, 0.2, 0.3)","(10%, 20%, 20%, 20%, 30%)"
"(0.1, 0.2, 0.2, 0.25, 0.25)","(10%, 20%, 20%, 25%, 25%)"
"(0.1, 0.2, 0.2, 0.3, 0.2)","(10%, 20%, 20%, 30%, 20%)"
"(0.1, 0.2, 0.25, 0.15, 0.3)","(10%, 20%, 25%, 15%, 30%)"
"(0.1, 0.2, 0.25, 0.2, 0.25)","(10%, 20%, 25%, 20%, 25%)"
"(0.1, 0.2, 0.25, 0.25, 0.2)","(10%, 20%, 25%, 25%, 20%)"
"(0.1, 0.2, 0.25, 0.3, 0.15)","(10%, 20%, 25%, 30%, 15%)"
"(0.1, 0.2, 0.3, 0.1, 0.3)","(10%, 20%, 30%, 10%, 30%)"
"(0.1, 0.2, 0.3, 0.15, 0.25)","(10%, 20%, 30%, 15%, 25%)"
"(0.1, 0.2, 0.3, 0.2, 0.2)","(10%, 20%, 30%, 20%, 20%)"
"(0.1, 0.2, 0.3, 0.25, 0.15)","(10%, 20%, 30%, 25%, 15%)"
"(0.1, 0.2, 0.3, 0.3, 0.1)","(10%, 20%, 30%, 30%, 10%)"
"(0.1, 0.25, 0.05, 0.3, 0.3)","(10%, 25%, 5%, 30%, 30%)"
"(0.1, 0.25, 0.1, 0.25, 0.3)","(10%, 25%, 10%, 25%, 30%)"
"(0.1, 0.25, 0.1, 0.3, 0.25)","(10%, 25%, 10%, 30%, 25%)"
"(0.1, 0.25, 0.15, 0.2, 0.3)","(10%, 25%, 15%, 20%, 30%)"
"(0.1, 0.25, 0.15, 0.25, 0.25)","(10%, 25%, 15%, 25%, 25%)"
"(0.1, 0.25, 0.15, 0.3, 0.2)","(10%, 25%, 15%, 30%, 20%)"
"(0.1, 0.25, 0.2, 0.15, 0.3)","(10%, 25%, 20%, 15%, 30%)"
"(0.1, 0.25, 0.2, 0.2, 0.25)","(10%, 25%, 20%, 20%, 25%)"
"(0.1, 0.25, 0.2, 0.25, 0.2)","(10%, 25%, 20%, 25%, 20%)"
"(0.1, 0.25, 0.2, 0.3, 0.15)","(10%, 25%, 20%, 30%, 15%)"
"(0.1, 0.25, 0.25, 0.1, 0.3)","(10%, 25%, 25%, 10%, 30%)"
"(0.1, 0.25, 0.25, 0.15, 0.25)","(10%, 25%, 25%, 15%, 25%)"
"(0.1, 0.25, 0.25, 0.2, 0.2)","(10%, 25%, 25%, 20%, 20%)"
"(0.1, 0.25, 0.25, 0.25, 0.15)","(10%, 25%, 25%, 25%, 15%)"
"(0.1, 0.25, 0.25, 0.3, 0.1)","(10%, 25%, 25%, 30%, 10%)"
"(0.1, 0.25, 0.3, 0.05, 0.3)","(10%, 25%, 30%, 5%, 30%)"
"(0.1, 0.25, 0.3, 0.1, 0.25)","(10%, 25%, 30%, 10%, 25%)"
"(0.1, 0.25, 0.3, 0.15, 0.2)","(10%, 25%, 30%, 15%, 20%)"
"(0.1, 0.25, 0.3, 0.2, 0.15)","(10%, 25%, 30%, 20%, 15%)"
"(0.1, 0.25, 0.3, 0.25, 0.1)","(10%, 25%, 30%, 25%, 10%)"
"(0.1, 0.25, 0.3, 0.3, 0.05)","(10%, 25%, 30%, 30%, 5%)"
"(0.1, 0.3, 0.0, 0.3, 0.3)","(10%, 30%, 0%, 30%, 30%)"
"(0.1, 0.3, 0.05, 0.25, 0.3)","(10%, 30%, 5%, 25%, 30%)"
"(0.1, 0.3, 0.05, 0.3, 0.25)","(10%, 30%, 5%, 30%, 25%)"
"(0.1, 0.3, 0.1, 0.2, 0.3)","(10%, 30%, 10%, 20%, 30%)"
"(0.1, 0.3, 0.1, 0.25, 0.25)","(10%, 30%, 10%, 25%, 25%)"
"(0.1, 0.3, 0.1, 0.3, 0.2)","(10%, 30%, 10%, 30%, 20%)"
"(0.1, 0.3, 0.15, 0.15, 0.3)","(10%, 30%, 15%, 15%, 30%)"
"(0.1, 0.3, 0.15, 0.2, 0.25)","(10%, 30%, 15%, 20%, 25%)"
"(0.1, 0.3, 0.15, 0.25, 0.2)","(10%, 30%, 15%, 25%, 20%)"
"(0.1, 0.3, 0.15, 0.3, 0.15)","(10%, 30%, 15%, 30%, 15%)"
"(0.1, 0.3, 0.2, 0.1, 0.3)","(10%, 30%, 20%, 10%, 30%)"
"(0.1, 0.3, 0.2, 0.15, 0.25)","(10%, 30%, 20%, 15%, 25%)"
"(0.1, 0.3, 0.2, 0.2, 0.2)","(10%, 30%, 20%, 20%, 20%)"
"(0.1, 0.3, 0.2, 0.25, 0.15)","(10%, 30%, 20%, 25%, 15%)"
"(0.1, 0.3, 0.2, 0.3, 0.1)","(10%, 30%, 20%, 30%, 10%)"
"(0.1, 0.3, 0.25, 0.05, 0.3)","(10%, 30%, 25%, 5%, 30%)"
"(0.1, 0.3, 0.25, 0.1, 0.25)","(10%, 30%, 25%, 10%, 25%)"
"(0.1, 0.3, 0.25, 0.15, 0.2)","(10%, 30%, 25%, 15%, 20%)"
"(0.1, 0.3, 0.25, 0.2, 0.15)","(10%, 30%, 25%, 20%, 15%)"
"(0.1, 0.3, 0.25, 0.25, 0.1)","(10%, 30%, 25%, 25%, 10%)"
"(0.1, 0.3, 0.25, 0.3, 0.05)","(10%, 30%, 25%, 30%, 5%)"
"(0.1, 0.3, 0.3, 0.0, 0.3)","(10%, 30%, 30%, 0%, 30%)"
"(0.1, 0.3, 0.3, 0.05, 0.25)","(10%, 30%, 30%, 5%, 25%)"
"(0.1, 0.3, 0.3, 0.1, 0.2)","(10%, 30%, 30%, 10%, 20%)"
"(0.1, 0.3, 0.3, 0.15, 0.15)","(10%, 30%, 30%, 15%, 15%)"
"(0.1, 0.3, 0.3, 0.2, 0.1)","(10%, 30%, 30%, 20%, 10%)"
"(0.1, 0.3, 0.3, 0.25, 0.05)","(10%, 30%, 30%, 25%, 5%)"
"(0.1, 0.3, 0.3, 0.3, 0.0)","(10%, 30%, 30%, 30%, 0%)"
"(0.15, 0.0, 0.25, 0.3, 0.3)","(15%, 0%, 25%, 30%, 30%)"
"(0.15, 0.0, 0.3, 0.25, 0.3)","(15%, 0%, 30%, 25%, 30%)"
"(0.15, 0.0, 0.3, 0.3, 0.25)","(15%, 0%, 30%, 30%, 25%)"
"(0.15, 0.05, 0.2, 0.3, 0.3)","(15%, 5%, 20%, 30%, 30%)"
"(0.15, 0.05, 0.25, 0.25, 0.3)","(15%, 5%, 25%, 25%, 30%)"
"(0.15, 0.05, 0.25, 0.3, 0.25)","(15%, 5%, 25%, 30%, 25%)"
"(0.15, 0.05, 0.3, 0.2, 0.3)","(15%, 5%, 30%, 20%, 30%)"
"(0.15, 0.05, 0.3, 0.25, 0.25)","(15%, 5%, 30%, 25%, 25%)"
"(0.15, 0.05, 0.3, 0.3, 0.2)","(15%, 5%, 30%, 30%, 20%)"
"(0.15, 0.1, 0.15, 0.3, 0.3)","(15%, 10%, 15%, 30%, 30%)"
"(0.15, 0.1, 0.2, 0.25, 0.3)","(15%, 10%, 20%, 25%, 30%)"
"(0.15, 0.1, 0.2, 0.3, 0.25)","(15%, 10%, 20%, 30%, 25%)"
"(0.15, 0.1, 0.25, 0.2, 0.3)","(15%, 10%, 25%, 20%, 30%)"
"(0.15, 0.1, 0.25, 0.25, 0.25)","(15%, 10%, 25%, 25%, 25%)"
"(0.15, 0.1, 0.25, 0.3, 0.2)","(15%, 10%, 25%, 30%, 20%)"
"(0.15, 0.1, 0.3, 0.15, 0.3)","(15%, 10%, 30%, 15%, 30%)"
"(0.15, 0.1, 0.3, 0.2, 0.25)","(15%, 10%, 30%, 20%, 25%)"
"(0.15, 0.1, 0.3, 0.25, 0.2)","(15%, 10%, 30%, 25%, 20%)"
"(0.15, 0.1, 0.3, 0.3, 0.15)","(15%, 10%, 30%, 30%, 15%)"
"(0.15, 0.15, 0.1, 0.3, 0.3)","(15%, 15%, 10%, 30%, 30%)"
"(0.15, 0.15, 0.15, 0.25, 0.3)","(15%, 15%, 15%, 25%, 30%)"
"(0.15, 0.15, 0.15, 0.3, 0.25)","(15%, 15%, 15%, 30%, 25%)"
"(0.15, 0.15, 0.2, 0.2, 0.3)","(15%, 15%, 20%, 20%, 30%)"
"(0.15, 0.15, 0.2, 0.25, 0.25)","(15%, 15%, 20%, 25%, 25%)"
"(0.15, 0.15, 0.2, 0.3, 0.2)","(15%, 15%, 20%, 30%, 20%)"
"(0.15, 0.15, 0.25, 0.15, 0.3)","(15%, 15%, 25%, 15%, 30%)"
"(0.15, 0.15, 0.25, 0.2, 0.25)","(15%, 15%, 25%, 20%, 25%)"
"(0.15, 0.15, 0.25, 0.25, 0.2)","(15%, 15%, 25%, 25%, 20%)"
"(0.15, 0.15, 0.25, 0.3, 0.15)","(15%, 15%, 25%, 30%, 15%)"
"(0.15, 0.15, 0.3, 0.1, 0.3)","(15%, 15%, 30%, 10%, 30%)"
"(0.15, 0.15, 0.3, 0.15, 0.25)","(15%, 15%, 30%, 15%, 25%)"
"(0.15, 0.15, 0.3, 0.2, 0.2)","(15%, 15%, 30%, 20%, 20%)"
"(0.15, 0.15, 0.3, 0.25, 0.15)","(15%, 15%, 30%, 25%, 15%)"
"(0.15, 0.15, 0.3, 0.3, 0.1)","(15%, 15%, 30%, 30%, 10%)"
"(0.15, 0.2, 0.05, 0.3, 0.3)","(15%, 20%, 5%, 30%, 30%)"
"(0.15, 0.2, 0.1, 0.25, 0.3)","(15%, 20%, 10%, 25%, 30%)"
"(0.15, 0.2, 0.1, 0.3, 0.25)","(15%, 20%, 10%, 30%, 25%)"
"(0.15, 0.2, 0.15, 0.2, 0.3)","(15%, 20%, 15%, 20%, 30%)"
"(0.15, 0.2, 0.15, 0.25, 0.25)","(15%, 20%, 15%, 25%, 25%)"
"(0.15, 0.2, 0.15, 0.3, 0.2)","(15%, 20%, 15%, 30%, 20%)"
"(0.15, 0.2, 0.2, 0.15, 0.3)","(15%, 20%, 20%, 15%, 30%)"
"(0.15, 0.2, 0.2, 0.2, 0.25)","(15%, 20%, 20%, 20%, 25%)"
"(0.15, 0.2, 0.2, 0.25, 0.2)","(15%, 20%, 20%, 25%, 20%)"
"(0.15, 0.2, 0.2, 0.3, 0.15)","(15%, 20%, 20%, 30%, 15%)"
"(0.15, 0.2, 0.25, 0.1, 0.3)","(15%, 20%, 25%, 10%, 30%)"
"(0.15, 0.2, 0.25, 0.15, 0.25)","(15%, 20%, 25%, 15%, 25%)"
"(0.15, 0.2, 0.25, 0.2, 0.2)","(15%, 20%, 25%, 20%, 20%)"
"(0.15, 0.2, 0.25, 0.25, 0.15)","(15%, 20%, 25%, 25%, 15%)"
"(0.15, 0.2, 0.25, 0.3, 0.1)","(15%, 20%, 25%, 30%, 10%)"
"(0.15, 0.2, 0.3, 0.05, 0.3)","(15%, 20%, 30%, 5%, 30%)"
"(0.15, 0.2, 0.3, 0.1, 0.25)","(15%, 20%, 30%, 10%, 25%)"
"(0.15, 0.2, 0.3, 0.15, 0.2)","(15%, 20%, 30%, 15%, 20%)"
"(0.15, 0.2, 0.3, 0.2, 0.15)","(15%, 20%, 30%, 20%, 15%)"
"(0.15, 0.2, 0.3, 0.25, 0.1)","(15%, 20%, 30%, 25%, 10%)"
"(0.15, 0.2, 0.3, 0.3, 0.05)","(15%, 20%, 30%, 30%, 5%)"
"(0.15, 0.25, 0.0, 0.3, 0.3)","(15%, 25%, 0%, 30%, 30%)"
"(0.15, 0.25, 0.05, 0.25, 0.3)","(15%, 25%, 5%, 25%, 30%)"
"(0.15, 0.25, 0.05, 0.3, 0.25)","(15%, 25%, 5%, 30%, 25%)"
"(0.15, 0.25, 0.1, 0.2, 0.3)","(15%, 25%, 10%, 20%, 30%)"
"(0.15, 0.25, 0.1, 0.25, 0.25)","(15%, 25%, 10%, 25%, 25%)"
"(0.15, 0.25, 0.1, 0.3, 0.2)","(15%, 25%, 10%, 30%, 20%)"
"(0.15, 0.25, 0.15, 0.15, 0.3)","(15%, 25%, 15%, 15%, 30%)"
"(0.15, 0.25, 0.15, 0.2, 0.25)","(15%, 25%, 15%, 20%, 25%)"
"(0.15, 0.25, 0.15, 0.25, 0.2)","(15%, 25%, 15%, 25%, 20%)"
"(0.15, 0.25, 0.15, 0.3, 0.15)","(15%, 25%, 15%, 30%, 15%)"
"(0.15, 0.25, 0.2, 0.1, 0.3)","(15%, 25%, 20%, 10%, 30%)"
"(0.15, 0.25, 0.2, 0.15, 0.25)","(15%, 25%, 20%, 15%, 25%)"
"(0.15, 0.25, 0.2, 0.2, 0.2)","(15%, 25%, 20%, 20%, 20%)"
"(0.15, 0.25, 0.2, 0.25, 0.15)","(15%, 25%, 20%, 25%, 15%)"
"(0.15, 0.25, 0.2, 0.3, 0.1)","(15%, 25%, 20%, 30%, 10%)"
"(0.15, 0.25, 0.25, 0.05, 0.3)","(15%, 25%, 25%, 5%, 30%)"
"(0.15, 0.25, 0.25, 0.1, 0.25)","(15%, 25%, 25%, 10%, 25%)"
"(0.15, 0.25, 0.25, 0.15, 0.2)","(15%, 25%, 25%, 15%, 20%)"
"(0.15, 0.25, 0.25, 0.2, 0.15)","(15%, 25%, 25%, 20%, 15%)"
"(0.15, 0.25, 0.25, 0.25, 0.1)","(15%, 25%, 25%, 25%, 10%)"
"(0.15, 0.25, 0.25, 0.3, 0.05)","(15%, 25%, 25%, 30%, 5%)"
"(0.15, 0.25, 0.3, 0.0, 0.3)","(15%, 25%, 30%, 0%, 30%)"
"(0.15, 0.25, 0.3, 0.05, 0.25)","(15%, 25%, 30%, 5%, 25%)"
"(0.15, 0.25, 0.3, 0.1, 0.2)","(15%, 25%, 30%, 10%, 20%)"
"(0.15, 0.25, 0.3, 0.15, 0.15)","(15%, 25%, 30%, 15%, 15%)"
"(0.15, 0.25, 0.3, 0.2, 0.1)","(15%, 25%, 30%, 20%, 10%)"
"(0.15, 0.25, 0.3, 0.25, 0.05)","(15%, 25%, 30%, 25%, 5%)"
"(0.15, 0.25, 0.3, 0.3, 0.0)","(15%, 25%, 30%, 30%, 0%)"
"(0.15, 0.3, 0.0, 0.25, 0.3)","(15%, 30%, 0%, 25%, 30%)"
"(0.15, 0.3, 0.0, 0.3, 0.25)","(15%, 30%, 0%, 30%, 25%)"
"(0.15, 0.3, 0.05, 0.2, 0.3)","(15%, 30%, 5%, 20%, 30%)"
"(0.15, 0.3, 0.05, 0.25, 0.25)","(15%, 30%, 5%, 25%, 25%)"
"(0.15, 0.3, 0.05, 0.3, 0.2)","(15%, 30%, 5%, 30%, 20%)"
"(0.15, 0.3, 0.1, 0.15, 0.3)","(15%, 30%, 10%, 15%, 30%)"
"(0.15, 0.3, 0.1, 0.2, 0.25)","(15%, 30%, 10%, 20%, 25%)"
"(0.15, 0.3, 0.1, 0.25, 0.2)","(15%, 30%, 10%, 25%, 20%)"
"(0.15, 0.3, 0.1, 0.3, 0.15)","(15%, 30%, 10%, 30%, 15%)"
"(0.15, 0.3, 0.15, 0.1, 0.3)","(15%, 30%, 15%, 10%, 30%)"
"(0.15, 0.3, 0.15, 0.15, 0.25)","(15%, 30%, 15%, 15%, 25%)"
"(0.15, 0.3, 0.15, 0.2, 0.2)","(15%, 30%, 15%, 20%, 20%)"
"(0.15, 0.3, 0.15, 0.25, 0.15)","(15%, 30%, 15%, 25%, 15%)"
"(0.15, 0.3, 0.15, 0.3, 0.1)","(15%, 30%, 15%, 30%, 10%)"
"(0.15, 0.3, 0.2, 0.05, 0.3)","(15%, 30%, 20%, 5%, 30%)"
"(0.15, 0.3, 0.2, 0.1, 0.25)","(15%, 30%, 20%, 10%, 25%)"
"(0.15, 0.3, 0.2, 0.15, 0.2)","(15%, 30%, 20%, 15%, 20%)"
"(0.15, 0.3, 0.2, 0.2, 0.15)","(15%, 30%, 20%, 20%, 15%)"
"(0.15, 0.3, 0.2, 0.25, 0.1)","(15%, 30%, 20%, 25%, 10%)"
"(0.15, 0.3, 0.2, 0.3, 0.05)","(15%, 30%, 20%, 30%, 5%)"
"(0.15, 0.3, 0.25, 0.0, 0.3)","(15%, 30%, 25%, 0%, 30%)"
"(0.15, 0.3, 0.25, 0.05, 0.25)","(15%, 30%, 25%, 5%, 25%)"
"(0.15, 0.3, 0.25, 0.1, 0.2)","(15%, 30%, 25%, 10%, 20%)"
"(0.15, 0.3, 0.25, 0.15, 0.15)","(15%, 30%, 25%, 15%, 15%)"
"(0.15, 0.3, 0.25, 0.2, 0.1)","(15%, 30%, 25%, 20%, 10%)"
"(0.15, 0.3, 0.25, 0.25, 0.05)","(15%, 30%, 25%, 25%, 5%)"
"(0.15, 0.3, 0.25, 0.3, 0.0)","(15%, 30%, 25%, 30%, 0%)"
"(0.15, 0.3, 0.3, 0.0, 0.25)","(15%, 30%, 30%, 0%, 25%)"
"(0.15, 0.3, 0.3, 0.05, 0.2)","(15%, 30%, 30%, 5%, 20%)"
"(0.15, 0.3, 0.3, 0.1, 0.15)","(15%, 30%, 30%, 10%, 15%)"
"(0.15, 0.3, 0.3, 0.15, 0.1)","(15%, 30%, 30%, 15%, 10%)"
"(0.15, 0.3, 0.3, 0.2, 0.05)","(15%, 30%, 30%, 20%, 5%)"
"(0.15, 0.3, 0.3, 0.25, 0.0)","(15%, 30%, 30%, 25%, 0%)"
"(0.2, 0.0, 0.2, 0.3, 0.3)","(20%, 0%, 20%, 30%, 30%)"
"(0.2, 0.0, 0.25, 0.25, 0.3)","(20%, 0%, 25%, 25%, 30%)"
"(0.2, 0.0, 0.25, 0.3, 0.25)","(20%, 0%, 25%, 30%, 25%)"
"(0.2, 0.0, 0.3, 0.2, 0.3)","(20%, 0%, 30%, 20%, 30%)"
"(0.2, 0.0, 0.3, 0.25, 0.25)","(20%, 0%, 30%, 25%, 25%)"
"(0.2, 0.0, 0.3, 0.3, 0.2)","(20%, 0%, 30%, 30%, 20%)"
"(0.2, 0.05, 0.15, 0.3, 0.3)","(20%, 5%, 15%, 30%, 30%)"
"(0.2, 0.05, 0.2, 0.25, 0.3)","(20%, 5%, 20%, 25%, 30%)"
"(0.2, 0.05, 0.2, 0.3, 0.25)","(20%, 5%, 20%, 30%, 25%)"
"(0.2, 0.05, 0.25, 0.2, 0.3)","(20%, 5%, 25%, 20%, 30%)"
"(0.2, 0.05, 0.25, 0.25, 0.25)","(20%, 5%, 25%, 25%, 25%)"
"(0.2, 0.05, 0.25, 0.3, 0.2)","(20%, 5%, 25%, 30%, 20%)"
"(0.2, 0.05, 0.3, 0.15, 0.3)","(20%, 5%, 30%, 15%, 30%)"
"(0.2, 0.05, 0.3, 0.2, 0.25)","(20%, 5%, 30%, 20%, 25%)"
"(0.2, 0.05, 0.3, 0.25, 0.2)","(20%, 5%, 30%, 25%, 20%)"
"(0.2, 0.05, 0.3, 0.3, 0.15)","(20%, 5%, 30%, 30%, 15%)"
"(0.2, 0.1, 0.1, 0.3, 0.3)","(20%, 10%, 10%, 30%, 30%)"
"(0.2, 0.1, 0.15, 0.25, 0.3)","(20%, 10%, 15%, 25%, 30%)"
"(0.2, 0.1, 0.15, 0.3, 0.25)","(20%, 10%, 15%, 30%, 25%)"
"(0.2, 0.1, 0.2, 0.2, 0.3)","(20%, 10%, 20%, 20%, 30%)"
"(0.2, 0.1, 0.2, 0.25, 0.25)","(20%, 10%, 20%, 25%, 25%)"
"(0.2, 0.1, 0.2, 0.3, 0.2)","(20%, 10%, 20%, 30%, 20%)"
"(0.2, 0.1, 0.25, 0.15, 0.3)","(20%, 10%, 25%, 15%, 30%)"
"(0.2, 0.1, 0.25, 0.2, 0.25)","(20%, 10%, 25%, 20%, 25%)"
"(0.2, 0.1, 0.25, 0.25, 0.2)","(20%, 10%, 25%, 25%, 20%)"
"(0.2, 0.1, 0.25, 0.3, 0.15)","(20%, 10%, 25%, 30%, 15%)"
"(0.2, 0.1, 0.3, 0.1, 0.3)","(20%, 10%, 30%, 10%, 30%)"
"(0.2, 0.1, 0.3, 0.15, 0.25)","(20%, 10%, 30%, 15%, 25%)"
"(0.2, 0.1, 0.3, 0.2, 0.2)","(20%, 10%, 30%, 20%, 20%)"
"(0.2, 0.1, 0.3, 0.25, 0.15)","(20%, 10%, 30%, 25%, 15%)"
"(0.2, 0.1, 0.3, 0.3, 0.1)","(20%, 10%, 30%, 30%, 10%)"
"(0.2, 0.15, 0.05, 0.3, 0.3)","(20%, 15%, 5%, 30%, 30%)"
"(0.2, 0.15, 0.1, 0.25, 0.3)","(20%, 15%, 10%, 25%, 30%)"
"(0.2, 0.15, 0.1, 0.3, 0.25)","(20%, 15%, 10%, 30%, 25%)"
"(0.2, 0.15, 0.15, 0.2, 0.3)","(20%, 15%, 15%, 20%, 30%)"
"(0.2, 0.15, 0.15, 0.25, 0.25)","(20%, 15%, 15%, 25%, 25%)"
"(0.2, 0.15, 0.15, 0.3, 0.2)","(20%, 15%, 15%, 30%, 20%)"
"(0.2, 0.15, 0.2, 0.15, 0.3)","(20%, 15%, 20%, 15%, 30%)"
"(0.2, 0.15, 0.2, 0.2, 0.25)","(20%, 15%, 20%, 20%, 25%)"
"(0.2, 0.15, 0.2, 0.25, 0.2)","(20%, 15%, 20%, 25%, 20%)"
"(0.2, 0.15, 0.2, 0.3, 0.15)","(20%, 15%, 20%, 30%, 15%)"
"(0.2, 0.15, 0.25, 0.1, 0.3)","(20%, 15%, 25%, 10%, 30%)"
"(0.2, 0.15, 0.25, 0.15, 0.25)","(20%, 15%, 25%, 15%, 25%)"
"(0.2, 0.15, 0.25, 0.2, 0.2)","(20%, 15%, 25%, 20%, 20%)"
"(0.2, 0.15, 0.25, 0.25, 0.15)","(20%, 15%, 25%, 25%, 15%)"
"(0.2, 0.15, 0.25, 0.3, 0.1)","(20%, 15%, 25%, 30%, 10%)"
"(0.2, 0.15, 0.3, 0.05, 0.3)","(20%, 15%, 30%, 5%, 30%)"
"(0.2, 0.15, 0.3, 0.1, 0.25)","(20%, 15%, 30%, 10%, 25%)"
"(0.2, 0.15, 0.3, 0.15, 0.2)","(20%, 15%, 30%, 15%, 20%)"
"(0.2, 0.15, 0.3, 0.2, 0.15)","(20%, 15%, 30%, 20%, 15%)"
"(0.2, 0.15, 0.3, 0.25, 0.1)","(20%, 15%, 30%, 25%, 10%)"
"(0.2, 0.15, 0.3, 0.3, 0.05)","(20%, 15%, 30%, 30%, 5%)"
"(0.2, 0.2, 0.0, 0.3, 0.3)","(20%, 20%, 0%, 30%, 30%)"
"(0.2, 0.2, 0.05, 0.25, 0.3)","(20%, 20%, 5%, 25%, 30%)"
"(0.2, 0.2, 0.05, 0.3, 0.25)","(20%, 20%, 5%, 30%, 25%)"
"(0.2, 0.2, 0.1, 0.2, 0.3)","(20%, 20%, 10%, 20%, 30%)"
"(0.2, 0.2, 0.1, 0.25, 0.25)","(20%, 20%, 10%, 25%, 25%)"
"(0.2, 0.2, 0.1, 0.3, 0.2)","(20%, 20%, 10%, 30%, 20%)"
"(0.2, 0.2, 0.15, 0.15, 0.3)","(20%, 20%, 15%, 15%, 30%)"
"(0.2, 0.2, 0.15, 0.2, 0.25)","(20%, 20%, 15%, 20%, 25%)"
"(0.2, 0.2, 0.15, 0.25, 0.2)","(20%, 20%, 15%, 25%, 20%)"
"(0.2, 0.2, 0.15, 0.3, 0.15)","(20%, 20%, 15%, 30%, 15%)"
"(0.2, 0.2, 0.2, 0.1, 0.3)","(20%, 20%, 20%, 10%, 30%)"
"(0.2, 0.2, 0.2, 0.15, 0.25)","(20%, 20%, 20%, 15%, 25%)"
"(0.2, 0.2, 0.2, 0.2, 0.2)","(20%, 20%, 20%, 20%, 20%)"
"(0.2, 0.2, 0.2, 0.25, 0.15)","(20%, 20%, 20%, 25%, 15%)"
"(0.2, 0.2, 0.2, 0.3, 0.1)","(20%, 20%, 20%, 30%, 10%)"
"(0.2, 0.2, 0.25, 0.05, 0.3)","(20%, 20%, 25%, 5%, 30%)"
"(0.2, 0.2, 0.25, 0.1, 0.25)","(20%, 20%, 25%, 10%, 25%)"
"(0.2, 0.2, 0.25, 0.15, 0.2)","(20%, 20%, 25%, 15%, 20%)"
"(0.2, 0.2, 0.25, 0.2, 0.15)","(20%, 20%, 25%, 20%, 15%)"
"(0.2, 0.2, 0.25, 0.25, 0.1)","(20%, 20%, 25%, 25%, 10%)"
"(0.2, 0.2, 0.25, 0.3, 0.05)","(20%, 20%, 25%, 30%, 5%)"
"(0.2, 0.2, 0.3, 0.0, 0.3)","(20%, 20%, 30%, 0%, 30%)"
"(0.2, 0.2, 0.3, 0.05, 0.25)","(20%, 20%, 30%, 5%, 25%)"
"(0.2, 0.2, 0.3, 0.1, 0.2)","(20%, 20%, 30%, 10%, 20%)"
"(0.2, 0.2, 0.3, 0.15, 0.15)","(20%, 20%, 30%, 15%, 15%)"
"(0.2, 0.2, 0.3, 0.2, 0.1)","(20%, 20%, 30%, 20%, 10%)"
"(0.2, 0.2, 0.3, 0.25, 0.05)","(20%, 20%, 30%, 25%, 5%)"
"(0.2, 0.2, 0.3, 0.3, 0.0)","(20%, 20%, 30%, 30%, 0%)"
"(0.2, 0.25, 0.0, 0.25, 0.3)","(20%, 25%, 0%, 25%, 30%)"
"(0.2, 0.25, 0.0, 0.3, 0.25)","(20%, 25%, 0%, 30%, 25%)"
"(0.2, 0.25, 0.05, 0.2, 0.3)","(20%, 25%, 5%, 20%, 30%)"
"(0.2, 0.25, 0.05, 0.25, 0.25)","(20%, 25%, 5%, 25%, 25%)"
"(0.2, 0.25, 0.05, 0.3, 0.2)","(20%, 25%, 5%, 30%, 20%)"
"(0.2, 0.25, 0.1, 0.15, 0.3)","(20%, 25%, 10%, 15%, 30%)"
"(0.2, 0.25, 0.1, 0.2, 0.25)","(20%, 25%, 10%, 20%, 25%)"
"(0.2, 0.25, 0.1, 0.25, 0.2)","(20%, 25%, 10%, 25%, 20%)"
"(0.2, 0.25, 0.1, 0.3, 0.15)","(20%, 25%, 10%, 30%, 15%)"
"(0.2, 0.25, 0.15, 0.1, 0.3)","(20%, 25%, 15%, 10%, 30%)"
"(0.2, 0.25, 0.15, 0.15, 0.25)","(20%, 25%, 15%, 15%, 25%)"
"(0.2, 0.25, 0.15, 0.2, 0.2)","(20%, 25%, 15%, 20%, 20%)"
"(0.2, 0.25, 0.15, 0.25, 0.15)","(20%, 25%, 15%, 25%, 15%)"
"(0.2, 0.25, 0.15, 0.3, 0.1)","(20%, 25%, 15%, 30%, 10%)"
"(0.2, 0.25, 0.2, 0.05, 0.3)","(20%, 25%, 20%, 5%, 30%)"
"(0.2, 0.25, 0.2, 0.1, 0.25)","(20%, 25%, 20%, 10%, 25%)"
"(0.2, 0.25, 0.2, 0.15, 0.2)","(20%, 25%, 20%, 15%, 20%)"
"(0.2, 0.25, 0.2, 0.2, 0.15)","(20%, 25%, 20%, 20%, 15%)"
"(0.2, 0.25, 0.2, 0.25, 0.1)","(20%, 25%, 20%, 25%, 10%)"
"(0.2, 0.25, 0.2, 0.3, 0.05)","(20%, 25%, 20%, 30%, 5%)"
"(0.2, 0.25, 0.25, 0.0, 0.3)","(20%, 25%, 25%, 0%, 30%)"
"(0.2, 0.25, 0.25, 0.05, 0.25)","(20%, 25%, 25%, 5%, 25%)"
"(0.2, 0.25, 0.25, 0.1, 0.2)","(20%, 25%, 25%, 10%, 20%)"
"(0.2, 0.25, 0.25, 0.15, 0.15)","(20%, 25%, 25%, 15%, 15%)"
"(0.2, 0.25, 0.25, 0.2, 0.1)","(20%, 25%, 25%, 20%, 10%)"
"(0.2, 0.25, 0.25, 0.25, 0.05)","(20%, 25%, 25%, 25%, 5%)"
"(0.2, 0.25, 0.25, 0.3, 0.0)","(20%, 25%, 25%, 30%, 0%)"
"(0.2, 0.25, 0.3, 0.0, 0.25)","(20%, 25%, 30%, 0%, 25%)"
"(0.2, 0.25, 0.3, 0.05, 0.2)","(20%, 25%, 30%, 5%, 20%)"
"(0.2, 0.25, 0.3, 0.1, 0.15)","(20%, 25%, 30%, 10%, 15%)"
"(0.2, 0.25, 0.3, 0.15, 0.1)","(20%, 25%, 30%, 15%, 10%)"
"(0.2, 0.25, 0.3, 0.2, 0.05)","(20%, 25%, 30%, 20%, 5%)"
"(0.2, 0.25, 0.3, 0.25, 0.0)","(20%, 25%, 30%, 25%, 0%)"
"(0.2, 0.3, 0.0, 0.2, 0.3)","(20%, 30%, 0%, 20%, 30%)"
"(0.2, 0.3, 0.0, 0.25, 0.25)","(20%, 30%, 0%, 25%, 25%)"
"(0.2, 0.3, 0.0, 0.3, 0.2)","(20%, 30%, 0%, 30%, 20%)"
"(0.2, 0.3, 0.05, 0.15, 0.3)","(20%, 30%, 5%, 15%, 30%)"
"(0.2, 0.3, 0.05, 0.2, 0.25)","(20%, 30%, 5%, 20%, 25%)"
"(0.2, 0.3, 0.05, 0.25, 0.2)","(20%, 30%, 5%, 25%, 20%)"
"(0.2, 0.3, 0.05, 0.3, 0.15)","(20%, 30%, 5%, 30%, 15%)"
"(0.2, 0.3, 0.1, 0.1, 0.3)","(20%, 30%, 10%, 10%, 30%)"
"(0.2, 0.3, 0.1, 0.15, 0.25)","(20%, 30%, 10%, 15%, 25%)"
"(0.2, 0.3, 0.1, 0.2, 0.2)","(20%, 30%, 10%, 20%, 20%)"
"(0.2, 0.3, 0.1, 0.25, 0.15)","(20%, 30%, 10%, 25%, 15%)"
"(0.2, 0.3, 0.1, 0.3, 0.1)","(20%, 30%, 10%, 30%, 10%)"
"(0.2, 0.3, 0.15, 0.05, 0.3)","(20%, 30%, 15%, 5%, 30%)"
"(0.2, 0.3, 0.15, 0.1, 0.25)","(20%, 30%, 15%, 10%, 25%)"
"(0.2, 0.3, 0.15, 0.15, 0.2)","(20%, 30%, 15%, 15%, 20%)"
"(0.2, 0.3, 0.15, 0.2, 0.15)","(20%, 30%, 15%, 20%, 15%)"
"(0.2, 0.3, 0.15, 0.25, 0.1)","(20%, 30%, 15%, 25%, 10%)"
"(0.2, 0.3, 0.15, 0.3, 0.05)","(20%, 30%, 15%, 30%, 5%)"
"(0.2, 0.3, 0.2, 0.0, 0.3)","(20%, 30%, 20%, 0%, 30%)"
"(0.2, 0.3, 0.2, 0.05, 0.25)","(20%, 30%, 20%, 5%, 25%)"
"(0.2, 0.3, 0.2, 0.1, 0.2)","(20%, 30%, 20%, 10%, 20%)"
"(0.2, 0.3, 0.2, 0.15, 0.15)","(20%, 30%, 20%, 15%, 15%)"
"(0.2, 0.3, 0.2, 0.2, 0.1)","(20%, 30%, 20%, 20%, 10%)"
"(0.2, 0.3, 0.2, 0.25, 0.05)","(20%, 30%, 20%, 25%, 5%)"
"(0.2, 0.3, 0.2, 0.3, 0.0)","(20%, 30%, 20%, 30%, 0%)"
"(0.2, 0.3, 0.25, 0.0, 0.25)","(20%, 30%, 25%, 0%, 25%)"
"(0.2, 0.3, 0.25, 0.05, 0.2)","(20%, 30%, 25%, 5%, 20%)"
"(0.2, 0.3, 0.25, 0.1, 0.15)","(20%, 30%, 25%, 10%, 15%)"
"(0.2, 0.3, 0.25, 0.15, 0.1)","(20%, 30%, 25%, 15%, 10%)"
"(0.2, 0.3, 0.25, 0.2, 0.05)","(20%, 30%, 25%, 20%, 5%)"
"(0.2, 0.3, 0.25, 0.25, 0.0)","(20%, 30%, 25%, 25%, 0%)"
"(0.2, 0.3, 0.3, 0.0, 0.2)","(20%, 30%, 30%, 0%, 20%)"
"(0.2, 0.3, 0.3, 0.05, 0.15)","(20%, 30%, 30%, 5%, 15%)"
"(0.2, 0.3, 0.3, 0.1, 0.1)","(20%, 30%, 30%, 10%, 10%)"
"(0.2, 0.3, 0.3, 0.15, 0.05)","(20%, 30%, 30%, 15%, 5%)"
"(0.2, 0.3, 0.3, 0.2, 0.0)","(20%, 30%, 30%, 20%, 0%)"
"(0.25, 0.0, 0.15, 0.3, 0.3)","(25%, 0%, 15%, 30%, 30%)"
"(0.25, 0.0, 0.2, 0.25, 0.3)","(25%, 0%, 20%, 25%, 30%)"
"(0.25, 0.0, 0.2, 0.3, 0.25)","(25%, 0%, 20%, 30%, 25%)"
"(0.25, 0.0, 0.25, 0.2, 0.3)","(25%, 0%, 25%, 20%, 30%)"
"(0.25, 0.0, 0.25, 0.25, 0.25)","(25%, 0%, 25%, 25%, 25%)"
"(0.25, 0.0, 0.25, 0.3, 0.2)","(25%, 0%, 25%, 30%, 20%)"
"(0.25, 0.0, 0.3, 0.15, 0.3)","(25%, 0%, 30%, 15%, 30%)"
"(0.25, 0.0, 0.3, 0.2, 0.25)","(25%, 0%, 30%, 20%, 25%)"
"(0.25, 0.0, 0.3, 0.25, 0.2)","(25%, 0%, 30%, 25%, 20%)"
"(0.25, 0.0, 0.3, 0.3, 0.15)","(25%, 0%, 30%, 30%, 15%)"
"(0.25, 0.05, 0.1, 0.3, 0.3)","(25%, 5%, 10%, 30%, 30%)"
"(0.25, 0.05, 0.15, 0.25, 0.3)","(25%, 5%, 15%, 25%, 30%)"
"(0.25, 0.05, 0.15, 0.3, 0.25)","(25%, 5%, 15%, 30%, 25%)"
"(0.25, 0.05, 0.2, 0.2, 0.3)","(25%, 5%, 20%, 20%, 30%)"
"(0.25, 0.05, 0.2, 0.25, 0.25)","(25%, 5%, 20%, 25%, 25%)"
"(0.25, 0.05, 0.2, 0.3, 0.2)","(25%, 5%, 20%, 30%, 20%)"
"(0.25, 0.05, 0.25, 0.15, 0.3)","(25%, 5%, 25%, 15%, 30%)"
"(0.25, 0.05, 0.25, 0.2, 0.25)","(25%, 5%, 25%, 20%, 25%)"
"(0.25, 0.05, 0.25, 0.25, 0.2)","(25%, 5%, 25%, 25%, 20%)"
"(0.25, 0.05, 0.25, 0.3, 0.15)","(25%, 5%, 25%, 30%, 15%)"
"(0.25, 0.05, 0.3, 0.1, 0.3)","(25%, 5%, 30%, 10%, 30%)"
"(0.25, 0.05, 0.3, 0.15, 0.25)","(25%, 5%, 30%, 15%, 25%)"
"(0.25, 0.05, 0.3, 0.2, 0.2)","(25%, 5%, 30%, 20%, 20%)"
"(0.25, 0.05, 0.3, 0.25, 0.15)","(25%, 5%, 30%, 25%, 15%)"
"(0.25, 0.05, 0.3, 0.3, 0.1)","(25%, 5%, 30%, 30%, 10%)"
"(0.25, 0.1, 0.05, 0.3, 0.3)","(25%, 10%, 5%, 30%, 30%)"
"(0.25, 0.1, 0.1, 0.25, 0.3)","(25%, 10%, 10%, 25%, 30%)"
"(0.25, 0.1, 0.1, 0.3, 0.25)","(25%, 10%, 10%, 30%, 25%)"
"(0.25, 0.1, 0.15, 0.2, 0.3)","(25%, 10%, 15%, 20%, 30%)"
"(0.25, 0.1, 0.15, 0.25, 0.25)","(25%, 10%, 15%, 25%, 25%)"
"(0.25, 0.1, 0.15, 0.3, 0.2)","(25%, 10%, 15%, 30%, 20%)"
"(0.25, 0.1, 0.2, 0.15, 0.3)","(25%, 10%, 20%, 15%, 30%)"
"(0.25, 0.1, 0.2, 0.2, 0.25)","(25%, 10%, 20%, 20%, 25%)"
"(0.25, 0.1, 0.2, 0.25, 0.2)","(25%, 10%, 20%, 25%, 20%)"
"(0.25, 0.1, 0.2, 0.3, 0.15)","(25%, 10%, 20%, 30%, 15%)"
"(0.25, 0.1, 0.25, 0.1, 0.3)","(25%, 10%, 25%, 10%, 30%)"
"(0.25, 0.1, 0.25, 0.15, 0.25)","(25%, 10%, 25%, 15%, 25%)"
"(0.25, 0.1, 0.25, 0.2, 0.2)","(25%, 10%, 25%, 20%, 20%)"
"(0.25, 0.1, 0.25, 0.25, 0.15)","(25%, 10%, 25%, 25%, 15%)"
"(0.25, 0.1, 0.25, 0.3, 0.1)","(25%, 10%, 25%, 30%, 10%)"
"(0.25, 0.1, 0.3, 0.05, 0.3)","(25%, 10%, 30%, 5%, 30%)"
"(0.25, 0.1, 0.3, 0.1, 0.25)","(25%, 10%, 30%, 10%, 25%)"
"(0.25, 0.1, 0.3, 0.15, 0.2)","(25%, 10%, 30%, 15%, 20%)"
"(0.25, 0.1, 0.3, 0.2, 0.15)","(25%, 10%, 30%, 20%, 15%)"
"(0.25, 0.1, 0.3, 0.25, 0.1)","(25%, 10%, 30%, 25%, 10%)"
"(0.25, 0.1, 0.3, 0.3, 0.05)","(25%, 10%, 30%, 30%, 5%)"
"(0.25, 0.15, 0.0, 0.3, 0.3)","(25%, 15%, 0%, 30%, 30%)"
"(0.25, 0.15, 0.05, 0.25, 0.3)","(25%, 15%, 5%, 25%, 30%)"
"(0.25, 0.15, 0.05, 0.3, 0.25)","(25%, 15%, 5%, 30%, 25%)"
"(0.25, 0.15, 0.1, 0.2, 0.3)","(25%, 15%, 10%, 20%, 30%)"
"(0.25, 0.15, 0.1, 0.25, 0.25)","(25%, 15%, 10%, 25%, 25%)"
"(0.25, 0.15, 0.1, 0.3, 0.2)","(25%, 15%, 10%, 30%, 20%)"
"(0.25, 0.15, 0.15, 0.15, 0.3)","(25%, 15%, 15%, 15%, 30%)"
"(0.25, 0.15, 0.15, 0.2, 0.25)","(25%, 15%, 15%, 20%, 25%)"
"(0.25, 0.15, 0.15, 0.25, 0.2)","(25%, 15%, 15%, 25%, 20%)"
"(0.25, 0.15, 0.15, 0.3, 0.15)","(25%, 15%, 15%, 30%, 15%)"
"(0.25, 0.15, 0.2, 0.1, 0.3)","(25%, 15%, 20%, 10%, 30%)"
"(0.25, 0.15, 0.2, 0.15, 0.25)","(25%, 15%, 20%, 15%, 25%)"
"(0.25, 0.15, 0.2, 0.2, 0.2)","(25%, 15%, 20%, 20%, 20%)"
"(0.25, 0.15, 0.2, 0.25, 0.15)","(25%, 15%, 20%, 25%, 15%)"
"(0.25, 0.15, 0.2, 0.3, 0.1)","(25%, 15%, 20%, 30%, 10%)"
"(0.25, 0.15, 0.25, 0.05, 0.3)","(25%, 15%, 25%, 5%, 30%)"
"(0.25, 0.15, 0.25, 0.1, 0.25)","(25%, 15%, 25%, 10%, 25%)"
"(0.25, 0.15, 0.25, 0.15, 0.2)","(25%, 15%, 25%, 15%, 20%)"
"(0.25, 0.15, 0.25, 0.2, 0.15)","(25%, 15%, 25%, 20%, 15%)"
"(0.25, 0.15, 0.25, 0.25, 0.1)","(25%, 15%, 25%, 25%, 10%)"
"(0.25, 0.15, 0.25, 0.3, 0.05)","(25%, 15%, 25%, 30%, 5%)"
"(0.25, 0.15, 0.3, 0.0, 0.3)","(25%, 15%, 30%, 0%, 30%)"
"(0.25, 0.15, 0.3, 0.05, 0.25)","(25%, 15%, 30%, 5%, 25%)"
"(0.25, 0.15, 0.3, 0.1, 0.2)","(25%, 15%, 30%, 10%, 20%)"
"(0.25, 0.15, 0.3, 0.15, 0.15)","(25%, 15%, 30%, 15%, 15%)"
"(0.25, 0.15, 0.3, 0.2, 0.1)","(25%, 15%, 30%, 20%, 10%)"
"(0.25, 0.15, 0.3, 0.25, 0.05)","(25%, 15%, 30%, 25%, 5%)"
"(0.25, 0.15, 0.3, 0.3, 0.0)","(25%, 15%, 30%, 30%, 0%)"
"(0.25, 0.2, 0.0, 0.25, 0.3)","(25%, 20%, 0%, 25%, 30%)"
"(0.25, 0.2, 0.0, 0.3, 0.25)","(25%, 20%, 0%, 30%, 25%)"
"(0.25, 0.2, 0.05, 0.2, 0.3)","(25%, 20%, 5%, 20%, 30%)"
"(0.25, 0.2, 0.05, 0.25, 0.25)","(25%, 20%, 5%, 25%, 25%)"
"(0.25, 0.2, 0.05, 0.3, 0.2)","(25%, 20%, 5%, 30%, 20%)"
"(0.25, 0.2, 0.1, 0.15, 0.3)","(25%, 20%, 10%, 15%, 30%)"
"(0.25, 0.2, 0.1, 0.2, 0.25)","(25%, 20%, 10%, 20%, 25%)"
"(0.25, 0.2, 0.1, 0.25, 0.2)","(25%, 20%, 10%, 25%, 20%)"
"(0.25, 0.2, 0.1, 0.3, 0.15)","(25%, 20%, 10%, 30%, 15%)"
"(0.25, 0.2, 0.15, 0.1, 0.3)","(25%, 20%, 15%, 10%, 30%)"
"(0.25, 0.2, 0.15, 0.15, 0.25)","(25%, 20%, 15%, 15%, 25%)"
"(0.25, 0.2, 0.15, 0.2, 0.2)","(25%, 20%, 15%, 20%, 20%)"
"(0.25, 0.2, 0.15, 0.25, 0.15)","(25%, 20%, 15%, 25%, 15%)"
"(0.25, 0.2, 0.15, 0.3, 0.1)","(25%, 20%, 15%, 30%, 10%)"
"(0.25, 0.2, 0.2, 0.05, 0.3)","(25%, 20%, 20%, 5%, 30%)"
"(0.25, 0.2, 0.2, 0.1, 0.25)","(25%, 20%, 20%, 10%, 25%)"
"(0.25, 0.2, 0.2, 0.15, 0.2)","(25%, 20%, 20%, 15%, 20%)"
"(0.25, 0.2, 0.2, 0.2, 0.15)","(25%, 20%, 20%, 20%, 15%)"
"(0.25, 0.2, 0.2, 0.25, 0.1)","(25%, 20%, 20%, 25%, 10%)"
"(0.25, 0.2, 0.2, 0.3, 0.05)","(25%, 20%, 20%, 30%, 5%)"
"(0.25, 0.2, 0.25, 0.0, 0.3)","(25%, 20%, 25%, 0%, 30%)"
"(0.25, 0.2, 0.25, 0.05, 0.25)","(25%, 20%, 25%, 5%, 25%)"
"(0.25, 0.2, 0.25, 0.1, 0.2)","(25%, 20%, 25%, 10%, 20%)"
"(0.25, 0.2, 0.25, 0.15, 0.15)","(25%, 20%, 25%, 15%, 15%)"
"(0.25, 0.2, 0.25, 0.2, 0.1)","(25%, 20%, 25%, 20%, 10%)"
"(0.25, 0.2, 0.25, 0.25, 0.05)","(25%, 20%, 25%, 25%, 5%)"
"(0.25, 0.2, 0.25, 0.3, 0.0)","(25%, 20%, 25%, 30%, 0%)"
"(0.25, 0.2, 0.3, 0.0, 0.25)","(25%, 20%, 30%, 0%, 25%)"
"(0.25, 0.2, 0.3, 0.05, 0.2)","(25%, 20%, 30%, 5%, 20%)"
"(0.25, 0.2, 0.3, 0.1, 0.15)","(25%, 20%, 30%, 10%, 15%)"
"(0.25, 0.2, 0.3, 0.15, 0.1)","(25%, 20%, 30%, 15%, 10%)"
"(0.25, 0.2, 0.3, 0.2, 0.05)","(25%, 20%, 30%, 20%, 5%)"
"(0.25, 0.2, 0.3, 0.25, 0.0)","(25%, 20%, 30%, 25%, 0%)"
"(0.25, 0.25, 0.0, 0.2, 0.3)","(25%, 25%, 0%, 20%, 30%)"
"(0.25, 0.25, 0.0, 0.25, 0.25)","(25%, 25%, 0%, 25%, 25%)"
"(0.25, 0.25, 0.0, 0.3, 0.2)","(25%, 25%, 0%, 30%, 20%)"
"(0.25, 0.25, 0.05, 0.15, 0.3)","(25%, 25%, 5%, 15%, 30%)"
"(0.25, 0.25, 0.05, 0.2, 0.25)","(25%, 25%, 5%, 20%, 25%)"
"(0.25, 0.25, 0.05, 0.25, 0.2)","(25%, 25%, 5%, 25%, 20%)"
"(0.25, 0.25, 0.05, 0.3, 0.15)","(25%, 25%, 5%, 30%, 15%)"
"(0.25, 0.25, 0.1, 0.1, 0.3)","(25%, 25%, 10%, 10%, 30%)"
"(0.25, 0.25, 0.1, 0.15, 0.25)","(25%, 25%, 10%, 15%, 25%)"
"(0.25, 0.25, 0.1, 0.2, 0.2)","(25%, 25%, 10%, 20%, 20%)"
"(0.25, 0.25, 0.1, 0.25, 0.15)","(25%, 25%, 10%, 25%, 15%)"
"(0.25, 0.25, 0.1, 0.3, 0.1)","(25%, 25%, 10%, 30%, 10%)"
"(0.25, 0.25, 0.15, 0.05, 0.3)","(25%, 25%, 15%, 5%, 30%)"
"(0.25, 0.25, 0.15, 0.1, 0.25)","(25%, 25%, 15%, 10%, 25%)"
"(0.25, 0.25, 0.15, 0.15, 0.2)","(25%, 25%, 15%, 15%, 20%)"
"(0.25, 0.25, 0.15, 0.2, 0.15)","(25%, 25%, 15%, 20%, 15%)"
"(0.25, 0.25, 0.15, 0.25, 0.1)","(25%, 25%, 15%, 25%, 10%)"
"(0.25, 0.25, 0.15, 0.3, 0.05)","(25%, 25%, 15%, 30%, 5%)"
"(0.25, 0.25, 0.2, 0.0, 0.3)","(25%, 25%, 20%, 0%, 30%)"
"(0.25, 0.25, 0.2, 0.05, 0.25)","(25%, 25%, 20%, 5%, 25%)"
"(0.25, 0.25, 0.2, 0.1, 0.2)","(25%, 25%, 20%, 10%, 20%)"
"(0.25, 0.25, 0.2, 0.15, 0.15)","(25%, 25%, 20%, 15%, 15%)"
"(0.25, 0.25, 0.2, 0.2, 0.1)","(25%, 25%, 20%, 20%, 10%)"
"(0.25, 0.25, 0.2, 0.25, 0.05)","(25%, 25%, 20%, 25%, 5%)"
"(0.25, 0.25, 0.2, 0.3, 0.0)","(25%, 25%, 20%, 30%, 0%)"
"(0.25, 0.25, 0.25, 0.0, 0.25)","(25%, 25%, 25%, 0%, 25%)"
"(0.25, 0.25, 0.25, 0.05, 0.2)","(25%, 25%, 25%, 5%, 20%)"
"(0.25, 0.25, 0.25, 0.1, 0.15)","(25%, 25%, 25%, 10%, 15%)"
"(0.25, 0.25, 0.25, 0.15, 0.1)","(25%, 25%, 25%, 15%, 10%)"
"(0.25, 0.25, 0.25, 0.2, 0.05)","(25%, 25%, 25%, 20%, 5%)"
"(0.25, 0.25, 0.25, 0.25, 0.0)","(25%, 25%, 25%, 25%, 0%)"
"(0.25, 0.25, 0.3, 0.0, 0.2)","(25%, 25%, 30%, 0%, 20%)"
"(0.25, 0.25, 0.3, 0.05, 0.15)","(25%, 25%, 30%, 5%, 15%)"
"(0.25, 0.25, 0.3, 0.1, 0.1)","(25%, 25%, 30%, 10%, 10%)"
"(0.25, 0.25, 0.3, 0.15, 0.05)","(25%, 25%, 30%, 15%, 5%)"
"(0.25, 0.25, 0.3, 0.2, 0.0)","(25%, 25%, 30%, 20%, 0%)"
"(0.25, 0.3, 0.0, 0.15, 0.3)","(25%, 30%, 0%, 15%, 30%)"
"(0.25, 0.3, 0.0, 0.2, 0.25)","(25%, 30%, 0%, 20%, 25%)"
"(0.25, 0.3, 0.0, 0.25, 0.2)","(25%, 30%, 0%, 25%, 20%)"
"(0.25, 0.3, 0.0, 0.3, 0.15)","(25%, 30%, 0%, 30%, 15%)"
"(0.25, 0.3, 0.05, 0.1, 0.3)","(25%, 30%, 5%, 10%, 30%)"
"(0.25, 0.3, 0.05, 0.15, 0.25)","(25%, 30%, 5%, 15%, 25%)"
"(0.25, 0.3, 0.05, 0.2, 0.2)","(25%, 30%, 5%, 20%, 20%)"
"(0.25, 0.3, 0.05, 0.25, 0.15)","(25%, 30%, 5%, 25%, 15%)"
"(0.25, 0.3, 0.05, 0.3, 0.1)","(25%, 30%, 5%, 30%, 10%)"
"(0.25, 0.3, 0.1, 0.05, 0.3)","(25%, 30%, 10%, 5%, 30%)"
"(0.25, 0.3, 0.1, 0.1, 0.25)","(25%, 30%, 10%, 10%, 25%)"
"(0.25, 0.3, 0.1, 0.15, 0.2)","(25%, 30%, 10%, 15%, 20%)"
"(0.25, 0.3, 0.1, 0.2, 0.15)","(25%, 30%, 10%, 20%, 15%)"
"(0.25, 0.3, 0.1, 0.25, 0.1)","(25%, 30%, 10%, 25%, 10%)"
"(0.25, 0.3, 0.1, 0.3, 0.05)","(25%, 30%, 10%, 30%, 5%)"
"(0.25, 0.3, 0.15, 0.0, 0.3)","(25%, 30%, 15%, 0%, 30%)"
"(0.25, 0.3, 0.15, 0.05, 0.25)","(25%, 30%, 15%, 5%, 25%)"
"(0.25, 0.3, 0.15, 0.1, 0.2)","(25%, 30%, 15%, 10%, 20%)"
"(0.25, 0.3, 0.15, 0.15, 0.15)","(25%, 30%, 15%, 15%, 15%)"
"(0.25, 0.3, 0.15, 0.2, 0.1)","(25%, 30%, 15%, 20%, 10%)"
"(0.25, 0.3, 0.15, 0.25, 0.05)","(25%, 30%, 15%, 25%, 5%)"
"(0.25, 0.3, 0.15, 0.3, 0.0)","(25%, 30%, 15%, 30%, 0%)"
"(0.25, 0.3, 0.2, 0.0, 0.25)","(25%, 30%, 20%, 0%, 25%)"
"(0.25, 0.3, 0.2, 0.05, 0.2)","(25%, 30%, 20%, 5%, 20%)"
"(0.25, 0.3, 0.2, 0.1, 0.15)","(25%, 30%, 20%, 10%, 15%)"
"(0.25, 0.3, 0.2, 0.15, 0.1)","(25%, 30%, 20%, 15%, 10%)"
"(0.25, 0.3, 0.2, 0.2, 0.05)","(25%, 30%, 20%, 20%, 5%)"
"(0.25, 0.3, 0.2, 0.25, 0.0)","(25%, 30%, 20%, 25%, 0%)"
"(0.25, 0.3, 0.25, 0.0, 0.2)","(25%, 30%, 25%, 0%, 20%)"
"(0.25, 0.3, 0.25, 0.05, 0.15)","(25%, 30%, 25%, 5%, 15%)"
"(0.25, 0.3, 0.25, 0.1, 0.1)","(25%, 30%, 25%, 10%, 10%)"
"(0.25, 0.3, 0.25, 0.15, 0.05)","(25%, 30%, 25%, 15%, 5%)"
"(0.25, 0.3, 0.25, 0.2, 0.0)","(25%, 30%, 25%, 20%, 0%)"
"(0.25, 0.3, 0.3, 0.0, 0.15)","(25%, 30%, 30%, 0%, 15%)"
"(0.25, 0.3, 0.3, 0.05, 0.1)","(25%, 30%, 30%, 5%, 10%)"
"(0.25, 0.3, 0.3, 0.1, 0.05)","(25%, 30%, 30%, 10%, 5%)"
"(0.25, 0.3, 0.3, 0.15, 0.0)","(25%, 30%, 30%, 15%, 0%)"
"(0.3, 0.0, 0.1, 0.3, 0.3)","(30%, 0%, 10%, 30%, 30%)"
"(0.3, 0.0, 0.15, 0.25, 0.3)","(30%, 0%, 15%, 25%, 30%)"
"(0.3, 0.0, 0.15, 0.3, 0.25)","(30%, 0%, 15%, 30%, 25%)"
"(0.3, 0.0, 0.2, 0.2, 0.3)","(30%, 0%, 20%, 20%, 30%)"
"(0.3, 0.0, 0.2, 0.25, 0.25)","(30%, 0%, 20%, 25%, 25%)"
"(0.3, 0.0, 0.2, 0.3, 0.2)","(30%, 0%, 20%, 30%, 20%)"
"(0.3, 0.0, 0.25, 0.15, 0.3)","(30%, 0%, 25%, 15%, 30%)"
"(0.3, 0.0, 0.25, 0.2, 0.25)","(30%, 0%, 25%, 20%, 25%)"
"(0.3, 0.0, 0.25, 0.25, 0.2)","(30%, 0%, 25%, 25%, 20%)"
"(0.3, 0.0, 0.25, 0.3, 0.15)","(30%, 0%, 25%, 30%, 15%)"
"(0.3, 0.0, 0.3, 0.1, 0.3)","(30%, 0%, 30%, 10%, 30%)"
"(0.3, 0.0, 0.3, 0.15, 0.25)","(30%, 0%, 30%, 15%, 25%)"
"(0.3, 0.0, 0.3, 0.2, 0.2)","(30%, 0%, 30%, 20%, 20%)"
"(0.3, 0.0, 0.3, 0.25, 0.15)","(30%, 0%, 30%, 25%, 15%)"
"(0.3, 0.0, 0.3, 0.3, 0.1)","(30%, 0%, 30%, 30%, 10%)"
"(0.3, 0.05, 0.05, 0.3, 0.3)","(30%, 5%, 5%, 30%, 30%)"
"(0.3, 0.05, 0.1, 0.25, 0.3)","(30%, 5%, 10%, 25%, 30%)"
"(0.3, 0.05, 0.1, 0.3, 0.25)","(30%, 5%, 10%, 30%, 25%)"
"(0.3, 0.05, 0.15, 0.2, 0.3)","(30%, 5%, 15%, 20%, 30%)"
"(0.3, 0.05, 0.15, 0.25, 0.25)","(30%, 5%, 15%, 25%, 25%)"
"(0.3, 0.05, 0.15, 0.3, 0.2)","(30%, 5%, 15%, 30%, 20%)"
"(0.3, 0.05, 0.2, 0.15, 0.3)","(30%, 5%, 20%, 15%, 30%)"
"(0.3, 0.05, 0.2, 0.2, 0.25)","(30%, 5%, 20%, 20%, 25%)"
"(0.3, 0.05, 0.2, 0.25, 0.2)","(30%, 5%, 20%, 25%, 20%)"
"(0.3, 0.05, 0.2, 0.3, 0.15)","(30%, 5%, 20%, 30%, 15%)"
"(0.3, 0.05, 0.25, 0.1, 0.3)","(30%, 5%, 25%, 10%, 30%)"
"(0.3, 0.05, 0.25, 0.15, 0.25)","(30%, 5%, 25%, 15%, 25%)"
"(0.3, 0.05, 0.25, 0.2, 0.2)","(30%, 5%, 25%, 20%, 20%)"
"(0.3, 0.05, 0.25, 0.25, 0.15)","(30%, 5%, 25%, 25%, 15%)"
"(0.3, 0.05, 0.25, 0.3, 0.1)","(30%, 5%, 25%, 30%, 10%)"
"(0.3, 0.05, 0.3, 0.05, 0.3)","(30%, 5%, 30%, 5%, 30%)"
"(0.3, 0.05, 0.3, 0.1, 0.25)","(30%, 5%, 30%, 10%, 25%)"
"(0.3, 0.05, 0.3, 0.15, 0.2)","(30%, 5%, 30%, 15%, 20%)"
"(0.3, 0.05, 0.3, 0.2, 0.15)","(30%, 5%, 30%, 20%, 15%)"
"(0.3, 0.05, 0.3, 0.25, 0.1)","(30%, 5%, 30%, 25%, 10%)"
"(0.3, 0.05, 0.3, 0.3, 0.05)","(30%, 5%, 30%, 30%, 5%)"
"(0.3, 0.1, 0.0, 0.3, 0.3)","(30%, 10%, 0%, 30%, 30%)"
"(0.3, 0.1, 0.05, 0.25, 0.3)","(30%, 10%, 5%, 25%, 30%)"
"(0.3, 0.1, 0.05, 0.3, 0.25)","(30%, 10%, 5%, 30%, 25%)"
"(0.3, 0.1, 0.1, 0.2, 0.3)","(30%, 10%, 10%, 20%, 30%)"
"(0.3, 0.1, 0.1, 0.25, 0.25)","(30%, 10%, 10%, 25%, 25%)"
"(0.3, 0.1, 0.1, 0.3, 0.2)","(30%, 10%, 10%, 30%, 20%)"
"(0.3, 0.1, 0.15, 0.15, 0.3)","(30%, 10%, 15%, 15%, 30%)"
"(0.3, 0.1, 0.15, 0.2, 0.25)","(30%, 10%, 15%, 20%, 25%)"
"(0.3, 0.1, 0.15, 0.25, 0.2)","(30%, 10%, 15%, 25%, 20%)"
"(0.3, 0.1, 0.15, 0.3, 0.15)","(30%, 10%, 15%, 30%, 15%)"
"(0.3, 0.1, 0.2, 0.1, 0.3)","(30%, 10%, 20%, 10%, 30%)"
"(0.3, 0.1, 0.2, 0.15, 0.25)","(30%, 10%, 20%, 15%, 25%)"
"(0.3, 0.1, 0.2, 0.2, 0.2)","(30%, 10%, 20%, 20%, 20%)"
"(0.3, 0.1, 0.2, 0.25, 0.15)","(30%, 10%, 20%, 25%, 15%)"
"(0.3, 0.1, 0.2, 0.3, 0.1)","(30%, 10%, 20%, 30%, 10%)"
"(0.3, 0.1, 0.25, 0.05, 0.3)","(30%, 10%, 25%, 5%, 30%)"
"(0.3, 0.1, 0.25, 0.1, 0.25)","(30%, 10%, 25%, 10%, 25%)"
"(0.3, 0.1, 0.25, 0.15, 0.2)","(30%, 10%, 25%, 15%, 20%)"
"(0.3, 0.1, 0.25, 0.2, 0.15)","(30%, 10%, 25%, 20%, 15%)"
"(0.3, 0.1, 0.25, 0.25, 0.1)","(30%, 10%, 25%, 25%, 10%)"
"(0.3, 0.1, 0.25, 0.3, 0.05)","(30%, 10%, 25%, 30%, 5%)"
"(0.3, 0.1, 0.3, 0.0, 0.3)","(30%, 10%, 30%, 0%, 30%)"
"(0.3, 0.1, 0.3, 0.05, 0.25)","(30%, 10%, 30%, 5%, 25%)"
"(0.3, 0.1, 0.3, 0.1, 0.2)","(30%, 10%, 30%, 10%, 20%)"
"(0.3, 0.1, 0.3, 0.15, 0.15)","(30%, 10%, 30%, 15%, 15%)"
"(0.3, 0.1, 0.3, 0.2, 0.1)","(30%, 10%, 30%, 20%, 10%)"
"(0.3, 0.1, 0.3, 0.25, 0.05)","(30%, 10%, 30%, 25%, 5%)"
"(0.3, 0.1, 0.3, 0.3, 0.0)","(30%, 10%, 30%, 30%, 0%)"
"(0.3, 0.15, 0.0, 0.25, 0.3)","(30%, 15%, 0%, 25%, 30%)"
"(0.3, 0.15, 0.0, 0.3, 0.25)","(30%, 15%, 0%, 30%, 25%)"
"(0.3, 0.15, 0.05, 0.2, 0.3)","(30%, 15%, 5%, 20%, 30%)"
"(0.3, 0.15, 0.05, 0.25, 0.25)","(30%, 15%, 5%, 25%, 25%)"
"(0.3, 0.15, 0.05, 0.3, 0.2)","(30%, 15%, 5%, 30%, 20%)"
"(0.3, 0.15, 0.1, 0.15, 0.3)","(30%, 15%, 10%, 15%, 30%)"
"(0.3, 0.15, 0.1, 0.2, 0.25)","(30%, 15%, 10%, 20%, 25%)"
"(0.3, 0.15, 0.1, 0.25, 0.2)","(30%, 15%, 10%, 25%, 20%)"
"(0.3, 0.15, 0.1, 0.3, 0.15)","(30%, 15%, 10%, 30%, 15%)"
"(0.3, 0.15, 0.15, 0.1, 0.3)","(30%, 15%, 15%, 10%, 30%)"
"(0.3, 0.15, 0.15, 0.15, 0.25)","(30%, 15%, 15%, 15%, 25%)"
"(0.3, 0.15, 0.15, 0.2, 0.2)","(30%, 15%, 15%, 20%, 20%)"
"(0.3, 0.15, 0.15, 0.25, 0.15)","(30%, 15%, 15%, 25%, 15%)"
"(0.3, 0.15, 0.15, 0.3, 0.1)","(30%, 15%, 15%, 30%, 10%)"
"(0.3, 0.15, 0.2, 0.05, 0.3)","(30%, 15%, 20%, 5%, 30%)"
"(0.3, 0.15, 0.2, 0.1, 0.25)","(30%, 15%, 20%, 10%, 25%)"
"(0.3, 0.15, 0.2, 0.15, 0.2)","(30%, 15%, 20%, 15%, 20%)"
"(0.3, 0.15, 0.2, 0.2, 0.15)","(30%, 15%, 20%, 20%, 15%)"
"(0.3, 0.15, 0.2, 0.25, 0.1)","(30%, 15%, 20%, 25%, 10%)"
"(0.3, 0.15, 0.2, 0.3, 0.05)","(30%, 15%, 20%, 30%, 5%)"
"(0.3, 0.15, 0.25, 0.0, 0.3)","(30%, 15%, 25%, 0%, 30%)"
"(0.3, 0.15, 0.25, 0.05, 0.25)","(30%, 15%, 25%, 5%, 25%)"
"(0.3, 0.15, 0.25, 0.1, 0.2)","(30%, 15%, 25%, 10%, 20%)"
"(0.3, 0.15, 0.25, 0.15, 0.15)","(30%, 15%, 25%, 15%, 15%)"
"(0.3, 0.15, 0.25, 0.2, 0.1)","(30%, 15%, 25%, 20%, 10%)"
"(0.3, 0.15, 0.25, 0.25, 0.05)","(30%, 15%, 25%, 25%, 5%)"
"(0.3, 0.15, 0.25, 0.3, 0.0)","(30%, 15%, 25%, 30%, 0%)"
"(0.3, 0.15, 0.3, 0.0, 0.25)","(30%, 15%, 30%, 0%, 25%)"
"(0.3, 0.15, 0.3, 0.05, 0.2)","(30%, 15%, 30%, 5%, 20%)"
"(0.3, 0.15, 0.3, 0.1, 0.15)","(30%, 15%, 30%, 10%, 15%)"
"(0.3, 0.15, 0.3, 0.15, 0.1)","(30%, 15%, 30%, 15%, 10%)"
"(0.3, 0.15, 0.3, 0.2, 0.05)","(30%, 15%, 30%, 20%, 5%)"
"(0.3, 0.15, 0.3, 0.25, 0.0)","(30%, 15%, 30%, 25%, 0%)"
"(0.3, 0.2, 0.0, 0.2, 0.3)","(30%, 20%, 0%, 20%, 30%)"
"(0.3, 0.2, 0.0, 0.25, 0.25)","(30%, 20%, 0%, 25%, 25%)"
"(0.3, 0.2, 0.0, 0.3, 0.2)","(30%, 20%, 0%, 30%, 20%)"
"(0.3, 0.2, 0.05, 0.15, 0.3)","(30%, 20%, 5%, 15%, 30%)"
"(0.3, 0.2, 0.05, 0.2, 0.25)","(30%, 20%, 5%, 20%, 25%)"
"(0.3, 0.2, 0.05, 0.25, 0.2)","(30%, 20%, 5%, 25%, 20%)"
"(0.3, 0.2, 0.05, 0.3, 0.15)","(30%, 20%, 5%, 30%, 15%)"
"(0.3, 0.2, 0.1, 0.1, 0.3)","(30%, 20%, 10%, 10%, 30%)"
"(0.3, 0.2, 0.1, 0.15, 0.25)","(30%, 20%, 10%, 15%, 25%)"
"(0.3, 0.2, 0.1, 0.2, 0.2)","(30%, 20%, 10%, 20%, 20%)"
"(0.3, 0.2, 0.1, 0.25, 0.15)","(30%, 20%, 10%, 25%, 15%)"
"(0.3, 0.2, 0.1, 0.3, 0.1)","(30%, 20%, 10%, 30%, 10%)"
"(0.3, 0.2, 0.15, 0.05, 0.3)","(30%, 20%, 15%, 5%, 30%)"
"(0.3, 0.2, 0.15, 0.1, 0.25)","(30%, 20%, 15%, 10%, 25%)"
"(0.3, 0.2, 0.15, 0.15, 0.2)","(30%, 20%, 15%, 15%, 20%)"
"(0.3, 0.2, 0.15, 0.2, 0.15)","(30%, 20%, 15%, 20%, 15%)"
"(0.3, 0.2, 0.15, 0.25, 0.1)","(30%, 20%, 15%, 25%, 10%)"
"(0.3, 0.2, 0.15, 0.3, 0.05)","(30%, 20%, 15%, 30%, 5%)"
"(0.3, 0.2, 0.2, 0.0, 0.3)","(30%, 20%, 20%, 0%, 30%)"
"(0.3, 0.2, 0.2, 0.05, 0.25)","(30%, 20%, 20%, 5%, 25%)"
"(0.3, 0.2, 0.2, 0.1, 0.2)","(30%, 20%, 20%, 10%, 20%)"
"(0.3, 0.2, 0.2, 0.15, 0.15)","(30%, 20%, 20%, 15%, 15%)"
"(0.3, 0.2, 0.2, 0.2, 0.1)","(30%, 20%, 20%, 20%, 10%)"
"(0.3, 0.2, 0.2, 0.25, 0.05)","(30%, 20%, 20%, 25%, 5%)"
"(0.3, 0.2, 0.2, 0.3, 0.0)","(30%, 20%, 20%, 30%, 0%)"
"(0.3, 0.2, 0.25, 0.0, 0.25)","(30%, 20%, 25%, 0%, 25%)"
"(0.3, 0.2, 0.25, 0.05, 0.2)","(30%, 20%, 25%, 5%, 20%)"
"(0.3, 0.2, 0.25, 0.1, 0.15)","(30%, 20%, 25%, 10%, 15%)"
"(0.3, 0.2, 0.25, 0.15, 0.1)","(30%, 20%, 25%, 15%, 10%)"
"(0.3, 0.2, 0.25, 0.2, 0.05)","(30%, 20%, 25%, 20%, 5%)"
"(0.3, 0.2, 0.25, 0.25, 0.0)","(30%, 20%, 25%, 25%, 0%)"
"(0.3, 0.2, 0.3, 0.0, 0.2)","(30%, 20%, 30%, 0%, 20%)"
"(0.3, 0.2, 0.3, 0.05, 0.15)","(30%, 20%, 30%, 5%, 15%)"
"(0.3, 0.2, 0.3, 0.1, 0.1)","(30%, 20%, 30%, 10%, 10%)"
"(0.3, 0.2, 0.3, 0.15, 0.05)","(30%, 20%, 30%, 15%, 5%)"
"(0.3, 0.2, 0.3, 0.2, 0.0)","(30%, 20%, 30%, 20%, 0%)"
"(0.3, 0.25, 0.0, 0.15, 0.3)","(30%, 25%, 0%, 15%, 30%)"
"(0.3, 0.25, 0.0, 0.2, 0.25)","(30%, 25%, 0%, 20%, 25%)"
"(0.3, 0.25, 0.0, 0.25, 0.2)","(30%, 25%, 0%, 25%, 20%)"
"(0.3, 0.25, 0.0, 0.3, 0.15)","(30%, 25%, 0%, 30%, 15%)"
"(0.3, 0.25, 0.05, 0.1, 0.3)","(30%, 25%, 5%, 10%, 30%)"
"(0.3, 0.25, 0.05, 0.15, 0.25)","(30%, 25%, 5%, 15%, 25%)"
"(0.3, 0.25, 0.05, 0.2, 0.2)","(30%, 25%, 5%, 20%, 20%)"
"(0.3, 0.25, 0.05, 0.25, 0.15)","(30%, 25%, 5%, 25%, 15%)"
"(0.3, 0.25, 0.05, 0.3, 0.1)","(30%, 25%, 5%, 30%, 10%)"
"(0.3, 0.25, 0.1, 0.05, 0.3)","(30%, 25%, 10%, 5%, 30%)"
"(0.3, 0.25, 0.1, 0.1, 0.25)","(30%, 25%, 10%, 10%, 25%)"
"(0.3, 0.25, 0.1, 0.15, 0.2)","(30%, 25%, 10%, 15%, 20%)"
"(0.3, 0.25, 0.1, 0.2, 0.15)","(30%, 25%, 10%, 20%, 15%)"
"(0.3, 0.25, 0.1, 0.25, 0.1)","(30%, 25%, 10%, 25%, 10%)"
"(0.3, 0.25, 0.1, 0.3, 0.05)","(30%, 25%, 10%, 30%, 5%)"
"(0.3, 0.25, 0.15, 0.0, 0.3)","(30%, 25%, 15%, 0%, 30%)"
"(0.3, 0.25, 0.15, 0.05, 0.25)","(30%, 25%, 15%, 5%, 25%)"
"(0.3, 0.25, 0.15, 0.1, 0.2)","(30%, 25%, 15%, 10%, 20%)"
"(0.3, 0.25, 0.15, 0.15, 0.15)","(30%, 25%, 15%, 15%, 15%)"
"(0.3, 0.25, 0.15, 0.2, 0.1)","(30%, 25%, 15%, 20%, 10%)"
"(0.3, 0.25, 0.15, 0.25, 0.05)","(30%, 25%, 15%, 25%, 5%)"
"(0.3, 0.25, 0.15, 0.3, 0.0)","(30%, 25%, 15%, 30%, 0%)"
"(0.3, 0.25, 0.2, 0.0, 0.25)","(30%, 25%, 20%, 0%, 25%)"
"(0.3, 0.25, 0.2, 0.05, 0.2)","(30%, 25%, 20%, 5%, 20%)"
"(0.3, 0.25, 0.2, 0.1, 0.15)","(30%, 25%, 20%, 10%, 15%)"
"(0.3, 0.25, 0.2, 0.15, 0.1)","(30%, 25%, 20%, 15%, 10%)"
"(0.3, 0.25, 0.2, 0.2, 0.05)","(30%, 25%, 20%, 20%, 5%)"
"(0.3, 0.25, 0.2, 0.25, 0.0)","(30%, 25%, 20%, 25%, 0%)"
"(0.3, 0.25, 0.25, 0.0, 0.2)","(30%, 25%, 25%, 0%, 20%)"
"(0.3, 0.25, 0.25, 0.05, 0.15)","(30%, 25%, 25%, 5%, 15%)"
"(0.3, 0.25, 0.25, 0.1, 0.1)","(30%, 25%, 25%, 10%, 10%)"
"(0.3, 0.25, 0.25, 0.15, 0.05)","(30%, 25%, 25%, 15%, 5%)"
"(0.3, 0.25, 0.25, 0.2, 0.0)","(30%, 25%, 25%, 20%, 0%)"
"(0.3, 0.25, 0.3, 0.0, 0.15)","(30%, 25%, 30%, 0%, 15%)"
"(0.3, 0.25, 0.3, 0.05, 0.1)","(30%, 25%, 30%, 5%, 10%)"
"(0.3, 0.25, 0.3, 0.1, 0.05)","(30%, 25%, 30%, 10%, 5%)"
"(0.3, 0.25, 0.3, 0.15, 0.0)","(30%, 25%, 30%, 15%, 0%)"
"(0.3, 0.3, 0.0, 0.1, 0.3)","(30%, 30%, 0%, 10%, 30%)"
"(0.3, 0.3, 0.0, 0.15, 0.25)","(30%, 30%, 0%, 15%, 25%)"
"(0.3, 0.3, 0.0, 0.2, 0.2)","(30%, 30%, 0%, 20%, 20%)"
"(0.3, 0.3, 0.0, 0.25, 0.15)","(30%, 30%, 0%, 25%, 15%)"
"(0.3, 0.3, 0.0, 0.3, 0.1)","(30%, 30%, 0%, 30%, 10%)"
"(0.3, 0.3, 0.05, 0.05, 0.3)","(30%, 30%, 5%, 5%, 30%)"
"(0.3, 0.3, 0.05, 0.1, 0.25)","(30%, 30%, 5%, 10%, 25%)"
"(0.3, 0.3, 0.05, 0.15, 0.2)","(30%, 30%, 5%, 15%, 20%)"
"(0.3, 0.3, 0.05, 0.2, 0.15)","(30%, 30%, 5%, 20%, 15%)"
"(0.3, 0.3, 0.05, 0.25, 0.1)","(30%, 30%, 5%, 25%, 10%)"
"(0.3, 0.3, 0.05, 0.3, 0.05)","(30%, 30%, 5%, 30%, 5%)"
"(0.3, 0.3, 0.1, 0.0, 0.3)","(30%, 30%, 10%, 0%, 30%)"
"(0.3, 0.3, 0.1, 0.05, 0.25)","(30%, 30%, 10%, 5%, 25%)"
"(0.3, 0.3, 0.1, 0.1, 0.2)","(30%, 30%, 10%, 10%, 20%)"
"(0.3, 0.3, 0.1, 0.15, 0.15)","(30%, 30%, 10%, 15%, 15%)"
"(0.3, 0.3, 0.1, 0.2, 0.1)","(30%, 30%, 10%, 20%, 10%)"
"(0.3, 0.3, 0.1, 0.25, 0.05)","(30%, 30%, 10%, 25%, 5%)"
"(0.3, 0.3, 0.1, 0.3, 0.0)","(30%, 30%, 10%, 30%, 0%)"
"(0.3, 0.3, 0.15, 0.0, 0.25)","(30%, 30%, 15%, 0%, 25%)"
"(0.3, 0.3, 0.15, 0.05, 0.2)","(30%, 30%, 15%, 5%, 20%)"
"(0.3, 0.3, 0.15, 0.1, 0.15)","(30%, 30%, 15%, 10%, 15%)"
"(0.3, 0.3, 0.15, 0.15, 0.1)","(30%, 30%, 15%, 15%, 10%)"
"(0.3, 0.3, 0.15, 0.2, 0.05)","(30%, 30%, 15%, 20%, 5%)"
"(0.3, 0.3, 0.15, 0.25, 0.0)","(30%, 30%, 15%, 25%, 0%)"
"(0.3, 0.3, 0.2, 0.0, 0.2)","(30%, 30%, 20%, 0%, 20%)"
"(0.3, 0.3, 0.2, 0.05, 0.15)","(30%, 30%, 20%, 5%, 15%)"
"(0.3, 0.3, 0.2, 0.1, 0.1)","(30%, 30%, 20%, 10%, 10%)"
"(0.3, 0.3, 0.2, 0.15, 0.05)","(30%, 30%, 20%, 15%, 5%)"
"(0.3, 0.3, 0.2, 0.2, 0.0)","(30%, 30%, 20%, 20%, 0%)"
"(0.3, 0.3, 0.25, 0.0, 0.15)","(30%, 30%, 25%, 0%, 15%)"
"(0.3, 0.3, 0.25, 0.05, 0.1)","(30%, 30%, 25%, 5%, 10%)"
"(0.3, 0.3, 0.25, 0.1, 0.05)","(30%, 30%, 25%, 10%, 5%)"
"(0.3, 0.3, 0.25, 0.15, 0.0)","(30%, 30%, 25%, 15%, 0%)"
"(0.3, 0.3, 0.3, 0.0, 0.1)","(30%, 30%, 30%, 0%, 10%)"
"(0.3, 0.3, 0.3, 0.05, 0.05)","(30%, 30%, 30%, 5%, 5%)"
"(0.3, 0.3, 0.3, 0.1, 0.0)","(30%, 30%, 30%, 10%, 0%)"
