Date,US Muni,US Tbill 1-3yr,US AGG,Global AGG,US Dollar,Commodities,Long Short HF,Event Driven HF,HF FOF Div,Relative Value HF,EM Bond,TIPs,High Yield,MSCI World,MSCI Canada,MSCI EAFE,MSCI EM Equity,MSCI Europe,MSCI Japan,MSCI Asia ex-J,US Growth,US Value,US Small Cap,US Mid Cap,Gold,S&P500,Cash
2004-01-30,0.004513622666162176,0.0021072107724726674,0.008045302303097301,0.003732889644426418,-0.020592771687023226,0.018131402072775415,0.019500001757627894,0.02798999817435943,0.015380019766567221,0.012109999197901677,0.0051267545875612885,0.012326081607708428,0.016153007630561822,0.01604588059497214,0.010467978462811445,0.014140665903047855,0.03492137072701329,0.011691090270627091,0.018092314197255543,0.060155691600111805,0.020422331878443112,0.017583723898703107,0.043445898834019836,0.02905047632260449,-0.03129137080274402,0.01835497205994807,0.0007313059906148833
2004-02-27,0.014482163709197193,0.005026156528874948,0.010824141946975452,0.005152215123146897,0.0056063937953703125,0.06488200964222268,0.011099998870124805,0.012020002834621124,0.01090998288242817,0.005500007718572064,0.003482482059940839,0.024775375158766044,-0.0010965910322259242,0.016745270710005755,0.021644466961615372,0.02308435683325194,0.045857114741192806,0.0292893109030139,-0.0029369057084474015,0.03351922555492837,0.006353289533575612,0.021431799727290812,0.008964331547465454,0.021534399707893837,-0.015654118524040306,0.013899443828627511,0.0007307715729858444
2004-03-31,-0.004776490633240926,0.0032149418248621497,0.007488986784141005,0.011076523950998451,0.018216191177127472,0.030877435445310297,0.00358999767393664,0.0005799997108080213,0.004440021858366672,0.004329989381197885,0.02495881095102881,0.01739017336618076,0.006671381833013745,-0.006635614185868222,-0.0049301963957668615,0.005626733908848491,0.012497891061996391,-0.031163745724708702,0.1342724971675584,-0.017081108676692658,-0.01855019041638739,-0.00875207880620743,0.009319665270917543,0.00020896228230804503,0.07648617947747072,-0.015086232619203943,0.0007910910971824503
2004-04-30,-0.020876863765653453,-0.010071722875019007,-0.02601661565369484,-0.03656403634352956,0.011406883619535124,-0.017736548307438538,-0.02077999745755299,-0.005619990956386323,-0.007090001346194086,-0.005059998751028583,-0.05431102294880119,-0.04649606328818845,-0.006601307330403872,-0.020481467970296485,-0.08338931027871932,-0.02262094101449308,-0.08188063986874494,-0.008294192089214558,-0.054216945090485025,-0.05496883656509699,-0.011625293421694494,-0.024439606499827016,-0.050984403791642596,-0.036717448553788334,-0.09309414937272831,-0.015698428278862364,0.0007904657667516801
2004-05-31,-0.0022641617192471486,-0.001130466060325963,-0.004005870672537215,0.004900361172327727,0.016968154029693983,0.016954736383852254,-0.0019099969219866786,-0.003120000820937885,-0.008780017045135313,-0.003449993799749862,-0.014827673501862426,0.01644373639546992,-0.01571150875609617,0.009111006205511751,0.026529006996956372,0.0033625107145234256,-0.019950298765845753,0.016240393355223093,-0.03511269599612177,-0.03358676070959654,0.01863884818484185,0.010198344223200317,0.015916285728868163,0.02481301063577801,0.02275371687136385,0.013722898767690728,0.0007898414241447327
2004-06-30,0.0033728520634501713,-0.00010288595092333708,0.005651578454657358,0.002922565977729219,-0.015797071838957955,-0.04146226706158218,0.010649995400360268,0.017579991357553837,0.003600012596994606,0.0016100010732003067,0.014683748761058713,-0.0026148152171382444,0.014527412749562485,0.02052881182659716,0.04235896341019041,0.021910248976547253,0.004259319933332506,0.01337571319078057,0.05385501469008447,-0.009028150769327947,0.012495750518637605,0.023628197992438205,0.042113399073793856,0.027662370933069003,-0.0032865630135254786,0.01944493698096439,0.0006677999028654735
2004-07-30,0.011548622371622796,0.0036528270823688036,0.00991225499491466,-0.0002074828000888651,-0.012661880678798143,0.01766682089762428,-0.018820000186060226,-0.009310003932057498,-0.005649998580187221,0.006519986536792199,0.029702253898194586,0.01613455314911616,0.013476433079504968,-0.032649903525320934,0.0007872965104398499,-0.03245353316997723,-0.01830548384351338,-0.027519388108189657,-0.05928032163847152,-0.020739512677246386,-0.056532161459125096,-0.014086672504082798,-0.06733318747010109,-0.043723072754369374,-0.008116677235256775,-0.033096937979278374,0.0009706970818419425
2004-08-31,0.01810154980285139,0.007125281935616012,0.019075174108971638,0.021887266998019905,0.002919277978339352,-0.018225954391624777,-0.0036700004274193843,0.004910002345558162,-9.000646296408732e-05,0.008250015084825701,0.04128311432787579,0.02597651165995507,0.018171957263638072,0.004395219435098241,0.00018400078716918067,0.004416109364336229,0.04146949391323207,0.0006033724777831928,0.007243622553055662,0.048217875776296326,-0.0049383484064629,0.014221380375331938,-0.005139345037238452,0.004329666717670655,0.048075693645313944,0.004044941605236829,0.0010909752106187387
2004-09-30,0.0037546187029973144,-0.0008143736957295644,0.0027134996608124684,0.011817089718343832,-0.005206461541296892,0.0684664513582951,0.019870005724299533,0.013649998798765273,0.008239999944435361,0.0035599860348356493,0.0166346121402301,0.0015744976158673651,0.013931552851262685,0.018917543914197976,0.07563844889309945,0.02613566863671002,0.05769484235718503,0.040104961928549177,-0.02345812045171758,0.038444515192222806,0.009510898262141243,0.015501419447746523,0.04694555894284114,0.032462292843398854,0.020495303159692613,0.010830590712639587,0.0012108736453351199
2004-10-29,0.006747255196421387,0.0031582700830319332,0.008385744234800763,0.023953957382419455,-0.022843062786001567,0.016922450702526737,0.004749992646991386,0.014890002029396276,0.007779995391114181,0.0031099990615002238,0.016096913375373223,0.0142003546363485,0.019280205655527016,0.024470421531105124,0.06289942357247869,0.03409970856667788,0.023892911485387414,0.03609565577247564,0.026112688929746275,0.0065278837094531195,0.015596336929305066,0.016623797715174193,0.019683992329490696,0.027577688633357855,0.02462641960549905,0.015277271954742933,0.0012094092036039061
2004-11-30,-0.008642277901206308,-0.0051287259432286625,-0.007976410366848485,0.02649697868844947,-0.03889897429091471,-0.01197844472941012,0.03370000420954988,0.040329999084645074,0.026389990525552465,0.01067000661813644,0.006990037563286089,-0.007059532204983454,0.010404040198261466,0.05253124475225013,0.040706624388523016,0.06831324466709154,0.09257278288441206,0.07336051165473312,0.048261416619140185,0.08870266776616376,0.03439842380271063,0.05055796111708477,0.08673848007161378,0.06092968833102863,0.052269280130673224,0.04046156725051109,0.0013891405447847838
2004-12-31,0.009716135090113598,0.0021437321355655126,0.009201122169527842,0.015321933507419283,-0.010706751640103152,-0.049106104596640554,0.017610002929475455,0.027990000567262863,0.015049999769568556,0.007460006192589574,0.025041357163709366,0.013768153469411848,0.015081435720420755,0.0381731111544954,0.018426113644857356,0.043862591379709714,0.04802804762937729,0.042347220809738406,0.0512899396402533,0.030686400949865966,0.039208485422053796,0.033486511344854364,0.029599682759381185,0.04256652429364949,-0.027719259341390412,0.03402866242953184,0.0019300361881784411
2005-01-31,0.005249957479030565,-0.0004074564530915925,0.006279473814842396,-0.010524263850465232,0.011685047102853563,0.01043413085070699,-0.005820001302529021,-0.0014799960669028556,0.0001700118604137657,0.0030099912635810355,0.00626562450555368,0.005407653910149746,-0.0010189610172925967,-0.022514368519943706,-0.039803123636326765,-0.018347112099657115,0.0025397322652287446,-0.018534401782040022,-0.023222332364813525,0.006349143295993009,-0.033348502855081064,-0.017750647812493137,-0.04172339208984266,-0.024751523078180737,-0.03615007412475757,-0.02437500972466422,0.0016855285335901637
2005-02-28,-0.004633759604993792,-0.0024457352491592532,-0.005903197428244966,0.0019035658999762006,0.009340095519784652,0.0706449597876162,0.02128000084459991,0.01384999414646737,0.014190008623000905,0.007829997568413738,0.0066668763168653555,-0.0071714246310853325,0.014283981620110575,0.03167802302041145,0.06407485179171069,0.04320933254955217,0.08724813490092798,0.0500249805880606,0.020603704969080594,0.056097577021506195,0.0106425047805494,0.0331420201985797,0.016938441078386823,0.03088460429100759,0.03088026502602914,0.021044219802652586,0.0016225961538460787
2005-03-31,-0.007046148615899361,-5.1077740320759624e-05,-0.005136009130682795,-0.012098136671757076,-0.01138706122284594,0.03565190438857169,-0.010530006434326777,-0.0019799979756719432,-0.005160013670205688,-0.003499992680666475,-0.025459998125644367,-0.004437750857209655,-0.027312913501592706,-0.01941144346706003,0.0138467253479857,-0.025122096806684646,-0.06608707255361834,-0.025181548143827892,-0.020691901079616937,-0.045972715380302676,-0.01821934407955017,-0.0137217084549065,-0.02862675576786844,-0.007860495926268696,-0.01675657064156999,-0.017708050346111448,0.002279954400912221
2005-04-29,0.014397937670063143,0.00582315983041326,0.013533959597638923,0.013086725952309086,0.01660327324847133,-0.058346126220019,-0.02231999534298712,-0.017059994942389856,-0.015129993096155925,-0.008439999845623714,0.01577125272470825,0.025283828043532353,-0.010727702179801346,-0.021789260219858386,-0.054339677651825014,-0.023510452881489785,-0.026844789308245298,-0.02534644284910459,-0.02572915718853175,-0.013183153770812917,-0.01904337681733559,-0.017910567502248065,-0.05726892488954338,-0.031864635557269594,0.014100618652970631,-0.018966009743952905,0.0022149057168510122
2005-05-31,0.005043459542603879,0.003808846681224942,0.010818747026689834,-0.013397377359409934,0.014100088649252607,-0.007762459757479134,0.015520002761930884,0.012000003710082918,0.0021699911997266064,-0.0010400040198949023,0.029916687705125122,0.006918928210748021,0.017902943555205164,0.017767001235027724,0.021800775825666863,0.00048335685648370763,0.03480774986306168,0.0035489554564691606,-0.009110727380168826,0.02830656847370827,0.04838248429793501,0.024072907980054126,0.0654512172615811,0.047913658317980445,-0.039457630240106734,0.031818997505050683,0.002389200812328296
2005-06-30,0.005347218287216071,0.0018719012445613803,0.005452907811777319,-0.004484589262602756,0.018214999503042284,0.016833418122208954,0.019599992148424672,0.013249994311450353,0.013040001049762218,0.00959001000403692,0.0177717857580586,0.003656203097102795,0.01903105530393856,0.008653182885766553,0.06059178028859025,0.013269484377116836,0.033975257979492524,0.013773770800561858,-0.000993464081886386,0.027932745207806642,-0.003686490544414611,0.01094834104713871,0.03857065774142354,0.026887302360390164,0.043738765727980855,0.0014193890792315589,0.002264330830651806
2005-07-29,-0.005846208418933019,-0.0029793465636519523,-0.009095384516056071,-0.008006846642818255,0.009266228542665234,0.0448315989208099,0.029490001801677712,0.023509999328833242,0.018030012270868534,0.01339998793534658,-0.002468689788054146,-0.018193157898467094,0.01570018422282704,0.034931641732260044,0.05477315953817419,0.030655737862611332,0.06989766567973943,0.0364217594902676,0.009961236203040569,0.06411267605633797,0.0488752184041934,0.028931998296957362,0.06335550296553016,0.05271827903253423,-0.013088404133180243,0.03718850613477853,0.002437574316290325
2005-08-31,0.008876015098327805,0.006280388978930462,0.012811324135459712,0.016459134151590282,-0.01804418932823404,0.0754799967367672,0.007409999604371942,0.0088700061158562,0.00845998938822179,0.00690999861169761,0.01940604816804492,0.024976539377752127,0.0036197695104032146,0.007535176264771515,0.05896945651653773,0.02526616678146487,0.008563493668638067,0.014909845837994151,0.06957700433215197,-0.02918960892277278,-0.01287884309050591,-0.004348777725055597,-0.018540469539417903,-0.007002074688796656,0.012563983248022215,-0.009124063935424975,0.002787497775932568
2005-09-30,-0.005332372341160352,-0.002667606200926098,-0.010301153954404674,-0.01592027546558461,-0.005331760584606937,0.04652566381604761,0.022530001798349852,0.009979991918465547,0.015259997371717793,0.011750014089297434,0.016904994522900285,-0.005253891119092913,-0.010014796775536183,0.025973664260334095,0.05990433026564412,0.04454185520361986,0.09311493370244106,0.024263858792367143,0.10332081835623241,0.05439617039326183,0.004604852108332835,0.014040413927448814,0.0031366078388861407,0.013264073019905842,0.07835477941176472,0.008099315553869335,0.00295718003312051
2005-10-31,-0.0053169019742199675,-0.00020186727226845225,-0.007913937956026462,-0.014886017188058376,0.01547972841577061,-0.0628395668670978,-0.01872999773946704,-0.017979998465396774,-0.015100003441222198,-0.0035500020063405913,-0.014789798532665821,-0.012573985443629532,-0.007294184503166212,-0.024261103619902302,-0.07218586617839295,-0.029205697748800108,-0.06536164120002685,-0.0314896576514625,-0.011993002596094815,-0.06565827811524827,-0.009719928377896259,-0.0253975387332247,-0.031049360651151048,-0.030040518550069284,-0.008757724270189726,-0.01667086637676063,0.002653614813067584
2005-11-30,0.00439068898799988,0.003281005501993617,0.004422604422604559,-0.007097904124269361,0.01713057821722619,0.0025825890455182243,0.021349999795595043,0.012900004676325239,0.017020022033619187,0.008239992413128228,0.015277777777777724,0.0019717784724810894,0.004824676623157664,0.03331951134178235,0.05378711292689786,0.024455937897053248,0.08272415229286656,0.016862286619337086,0.04268509224176009,0.0737043461145761,0.043145157320719996,0.0327000605616814,0.04854597736982891,0.04436767838725242,0.05995399729142936,0.037822297888814305,0.0030582838322650296
2005-12-30,0.006872160486685486,0.0038740189172872252,0.009507501630789283,0.009871513683761268,-0.008846674960063527,0.0318839218632605,0.023160002416199532,0.015669995623428523,0.020079989311307056,0.014750003071391182,0.018482405332246765,0.008479852300294022,0.009154282436537597,0.022154619452262603,0.04416251636884505,0.0465338000247113,0.05910676623910649,0.035183909760595045,0.08575957238935561,0.06159310285566977,-0.003134922161733944,0.006141113544567034,-0.004570197231335338,0.010330685434833287,0.048511397744787965,0.0003481193079577505,0.0032248607446496713
2006-01-31,0.002899935230657791,0.001503533303262694,5.654007075595047e-05,0.012614297684363729,-0.01525014858581264,0.018495043068421868,0.039519993243043006,0.03322000274083159,0.028360008065332343,0.021990005541465685,0.01197416552354813,0.000780540417802067,0.0158495395745486,0.04465328921492584,0.08773162033627191,0.061398727211881665,0.11169557684680753,0.06533582087645518,0.050420853864193926,0.0723409077418693,0.017555911799518542,0.038839153867429754,0.08967201439081696,0.05138564309419369,0.10038684719535773,0.026477522337827297,0.003214494447691507
2006-02-28,0.00404447068144087,0.0007506380423358827,0.003319522182646306,-0.0035465658484864493,0.008546705104354624,-0.06260292334205653,0.00020000521520402437,0.009650002998478069,0.003469983043607572,0.006229989564589644,0.022224732427776672,-0.0034033381074605185,0.006322356438545507,-0.001488387708936556,-0.018330019464374847,-0.0022120397336190534,-0.0011866761801044845,0.0008319702994517009,-0.008481837654608526,0.00035728124072198497,-0.0015890373835297789,0.006104073092439544,-0.0027531066673018856,-0.0012017083746082013,-0.012919669537704404,0.002713721710134953,0.0032041945819980544
2006-03-31,-0.006350829199998298,0.0012001200120013156,-0.009812918598660514,-0.009913172364022338,-0.0007145991790910022,0.02224196865084238,0.025459996900657478,0.02475999712597421,0.016610014203980672,0.013340007882701288,-0.01897894911321074,-0.020532449238036987,0.006250484625320629,0.021988605112132742,0.015139600646626228,0.03295845760595917,0.008809131719641927,0.03884580463057463,0.02522181291052039,0.018516655432256446,0.01476565552060416,0.013546930598331564,0.04851704835671322,0.02478050564994727,0.03935535571186888,0.012447071513409957,0.0038327526132404532
2006-04-28,1.3389486780868154e-05,0.00309659374687854,-0.0018129344335596764,0.01892888731704745,-0.013247739300647932,0.06779858587809762,0.017599999738024508,0.016289995721916917,0.017169992265817502,0.011150000831339657,-0.0008448086508405783,0.00010169097565237983,0.006425918686473686,0.030360819054311428,0.04866303402095595,0.047758740911719944,0.07121427267001357,0.051079582099633036,0.029087969886800735,0.06754908013334981,-0.0013600246009989325,0.02541151550106857,-0.0001629023328737489,0.007010647855257401,0.12125417630429203,0.013428044983798237,0.003760268425315072
2006-05-31,0.0048536239705683215,0.001443935471021618,-0.0010669316349301017,0.012897983485114839,-0.03880357238482279,0.009566020198743752,-0.023229997736975982,-0.005419998607330889,-0.019659986305595956,0.0020399909390167448,-0.0204898396324793,0.0021352933486338266,-0.0006312058459371217,-0.03415899317680848,-0.026737603259780474,-0.0388337481067339,-0.10478907541097682,-0.027614889580822366,-0.06219224982578675,-0.07463729227580584,-0.03389554763432856,-0.025259369227847883,-0.05616020964763668,-0.03365513384065166,-0.014088811466642093,-0.028781322835419565,0.003976716039421291
2006-06-30,-0.003624813134810001,0.0017898871376722525,0.0021198359573098013,-0.007945169557335485,0.010886103844492068,-0.015536902073337577,-0.005349999457141763,-0.0011599962117382345,-0.006260011338372173,0.0055200083485933416,-5.754733268126255e-05,0.003594723873025174,-0.0037914957628306656,-0.00029319239237168837,-0.016125817350932214,-6.612310602271965e-05,-0.002444560173489818,0.003253133459946822,-0.01108824419256682,-0.0038846309600588658,-0.003945626643706013,0.006396207730644976,0.0064293965157180555,0.0011575795988825188,-0.04548977061376325,0.0013556020448159956,0.003960964408725509
2006-07-31,0.010644481020471108,0.007494168445083993,0.013521979318368738,0.009961917732213443,0.004762896193601929,0.03210084982990846,-0.005419999097395656,-0.004370002511471349,-0.0022099992923791945,0.00417999139822145,0.03271754143646399,0.016696033969785473,0.010669347759211911,0.0062408414299601755,0.0027886081549204356,0.009898852827595839,0.014115016148700477,0.015245368113472102,-0.005534649798209279,0.0011543750815592446,-0.01904622592759475,0.024303330434667814,-0.032538653759900504,-0.021885120926947166,0.03393683526832825,0.00616853546662921,0.004059694665218272
2006-08-31,0.013140651281620563,0.0071428571428571175,0.015308293129329797,0.011555066104359746,-0.008917503342844801,-0.03603735089591664,0.010300000006055132,0.010550003534475216,0.008129998413273887,0.00711000531031436,0.026024687230070676,0.018765803903741718,0.016180280770001776,0.025957133148268863,0.04004092729897213,0.027494786743174515,0.02547829427583559,0.03156112978806935,0.015006946592500015,0.03471665196117746,0.031199326197662636,0.016738821696903106,0.029607334484016423,0.025390429889114552,-0.014840989399293347,0.023792987680645084,0.004271070615034178
2006-09-29,0.006367059071740622,0.005135730007336914,0.008783997469955729,-7.468306569302641e-05,0.004819866854099075,-0.06021215724744422,0.0015799976682417949,0.002329998925111987,0.0007499931159544726,0.003699991909853928,0.005594329630937089,0.0025169072021193895,0.013153809344647271,0.011923676605370748,-0.030231076523300704,0.0015458105384675846,0.008324217403683276,0.008561413216371605,-0.01639640287383337,0.03484546771513153,0.02747855372565433,0.01993275020135532,0.008325548439194641,0.0181085293974379,-0.046229874063446474,0.02577030812324943,0.004366316983271945
2006-10-31,0.004947114640684092,0.0038442822384427977,0.00661488662993448,0.009673585626780001,0.009758730593920406,0.047435725313821564,0.018630001768126014,0.023289996694176418,0.01625001852456709,0.012270006257134147,0.018553026006643547,-0.0015995437822950986,0.014601856058147566,0.036702742471125926,0.04781032092532422,0.03889425358923626,0.047496971993728376,0.04288753812339219,0.017406588826998304,0.030324595367738905,0.035153351092670704,0.03273306605701154,0.05757747359860188,0.039378570944423874,0.013872639144242083,0.03258595267972053,0.00389566395663965
2006-11-30,0.006327916193356042,0.005138397401716066,0.011601199050103261,0.02435446899414595,-0.010899592113796097,0.054689127223438216,0.019999998384493622,0.018690004151639572,0.01782998445233197,0.013730003206245955,0.012673666348499202,0.01241284192782155,0.015962361235484,0.02448813668369998,0.02846831902882374,0.029884138245642733,0.07432130468400855,0.03555329369125704,0.007088537974074605,0.07682695191442579,0.019844377737549213,0.022828565852197835,0.026305150010006884,0.0359801369849877,0.06824925816023741,0.019015869324568335,0.004161745683594953
2006-12-29,-0.0028721037728258736,4.822763443468325e-05,-0.005803348085433924,-0.013256312785288049,-0.007263542701959391,-0.045928784104028564,0.013459997480990804,0.016500000131154158,0.017860009511927233,0.016109996488427036,0.006650259203016207,-0.024954762183249102,0.011008940063797601,0.02033102697106881,-0.007014147232556001,0.0313923507248437,0.045029251350316324,0.03211049430448121,0.024848665252951596,0.04258291028935779,0.0033862167312690428,0.022448443469157642,0.0033486155991233613,-0.00011293577472104577,-0.01743827160493816,0.014027649897837557,0.004312517502100155
2007-01-31,-0.0024309209581916402,0.002073688271604812,-0.0004103088154461254,-0.00982846049263253,0.018212096298326097,0.0021049413577987064,0.011574504171453892,0.015743450899027067,0.01294225444881758,0.013668709876681673,-0.003043071161048738,0.002307431764938306,0.010743760194982688,0.011805221213033734,-0.002954977349560073,0.006766914469479524,-0.010558207568926892,0.005908018721464181,0.008459058341658166,-0.011397856425865327,0.0257059482547195,0.012787818592956413,0.016734361721397972,0.03379012681712901,0.025914873566828867,0.015123549546755433,0.004126700869953259
2007-02-28,0.011358544661345116,0.008085085904037781,0.015420003407735416,0.020578465702402404,-0.004158488104662794,0.033675051797994016,0.006270099537268425,0.010238926024925155,0.008197211895361711,0.00756266384615234,0.017166262294226575,0.022753673183472545,0.013929154529927379,-0.005203601026165905,0.007042877594749752,0.008068964942177459,-0.00593571294010975,-0.003598072745957137,0.040226713632214306,-0.001727752120795234,-0.018796556083841787,-0.015589837828832498,-0.007935044728987761,0.0016173578498275276,0.024724433557868908,-0.01955894698468663,0.003776518938131801
2007-03-30,-0.00046020953762182515,0.0038669021816966076,3.050896582257323e-05,0.002363820486605883,-0.010068311116900874,0.009748494378706285,0.010088263415928944,0.013578598692955968,0.011549314300771663,0.007534726470366682,0.009746338710918456,0.003042505592841138,0.0023225471050023483,0.01830533251641886,0.02736063842648706,0.025490282295157263,0.03967494298654173,0.036241624556313745,-0.013218156502027067,0.022712918228572798,0.005423695981131349,0.015461069107478798,0.010705386257281457,0.008018296880839548,-0.008306566071562105,0.011184933798575436,0.004481575744162969
2007-04-30,0.0024974671912918467,0.0035191173673199128,0.005392295195747021,0.011302712511944701,-0.0167786019020586,0.011551155115511413,0.01857919943915398,0.019871204607506243,0.0167607619123884,0.014190543098566266,0.008661637328862826,0.00780965844753867,0.013232765661495227,0.04411264519882141,0.06048995244709365,0.04443389722289215,0.04744471425658503,0.0645963224269408,-0.01946315170494861,0.04460948653374186,0.04707987296336702,0.03695244300003275,0.01796242738372178,0.03808729743394146,0.022085298061133907,0.04429531116484542,0.004296337097218439
2007-05-31,-0.003576758560718152,-0.0009951663349445639,-0.0075785161583977745,-0.015592660392496294,-0.00811031225452663,0.0012942217513529641,0.02237528100188446,0.02174931882327047,0.02146534753260032,0.014873412800849639,-0.0038529337698313126,-0.016758026624902,0.00711499500570878,0.02800888079614894,0.08534868066047263,0.01752411379516383,0.04854308796333173,0.017583720667805558,0.016319067468345327,0.057726267620773264,0.03597520489819006,0.03606908685778998,0.04095547629371854,0.03771521339770145,-0.026457366054978282,0.034895052392196035,0.004223111939889002
2007-06-29,-0.002989120152999014,0.00436411934917702,-0.0029582406494370606,-0.004434905576442105,-0.0030252512005165544,-0.013968545972658064,0.008880668560105276,3.546697158185452e-05,0.0052586548845623415,0.005621633630312317,-0.01888414187122378,-0.002382370458606231,-0.016854025295065078,-0.007713321022323694,-0.0017446361993578297,0.0012217760153203638,0.04687521976275466,-0.00019682344953553255,-0.0029978710461697755,0.05019871155067612,-0.01492726451014581,-0.02336562824653199,-0.014628736748642512,-0.022546089304975703,-0.01642694928084787,-0.01661319172040443,0.003986892408520015
2007-07-31,0.008068649813402384,0.008926462948094294,0.008341383381633705,0.0203081326473471,-0.017842303182547647,0.020751214069487878,0.0016733250746530093,-0.00882299597976488,0.0019128343868641817,-0.0058038811087262054,-0.009018294254058201,0.023700104130510047,-0.0314004918129096,-0.022146246439036732,-0.0025575163608990703,-0.01472800529368723,0.052762111021842806,-0.021294408858832936,-0.0016271411658740353,0.0719978158393122,-0.015502960114456732,-0.046244040499334504,-0.06839471555797116,-0.03722997402089778,0.022550604171476918,-0.031004851070053685,0.0038078659631179956
2007-08-31,0.0027516274840062582,0.0103922853665388,0.01225650461519745,0.012312677681552975,1.4166367241053024e-05,-0.03631031310850685,-0.016674133179190087,-0.01698380057271509,-0.021834293319518805,-0.006881384955449987,0.012116484659386195,0.013345630119893537,0.011146386435790356,-0.0007587276910832053,6.497077791611794e-05,-0.01562705320074076,-0.021250800797351754,-0.011041480569503714,-0.029376211605817715,-0.013349925368082105,0.01593441250634786,0.011204951829179022,0.022665868970896508,0.0017096679359389633,0.013548095739876587,0.014990179852146124,0.004931447461117511
2007-09-28,0.011351253045520426,0.00694959229058556,0.007586341580663181,0.02244358097991994,-0.02060790884200603,0.0800457421950056,0.03176364437452506,0.015478596362731967,0.018790037969382833,0.013501838333186411,0.022709756974772732,0.008873601370523287,0.02443956947967374,0.04755552074434877,0.09776876221672248,0.053499827428537206,0.1104412067666134,0.05062651161435783,0.0230691232733633,0.1219579935173567,0.04189019746166278,0.034347835309060715,0.01716469702745771,0.03289118551865444,0.1044111094608644,0.03739856347354498,0.003505176876617888
2007-10-31,0.004089682795273886,0.003910922977822695,0.008982884064885566,0.016299287191395395,-0.02596463360754031,0.03333648965444014,0.03092841849187966,0.02258997329142054,0.030656165055060747,0.02100254545926461,0.023838231600100457,0.013770413510393986,0.006054471843945475,0.030671637315150546,0.09358824285296596,0.039291022767718786,0.11152077628680535,0.04660183698752607,-0.0038163244046423017,0.10674689040780727,0.03403417935361297,0.0001109762776143608,0.028690600058766114,0.016138388968661932,0.07154384077460985,0.015906728367117706,0.003009296576925058
2007-11-30,0.009164907354636487,0.017324350336862304,0.01798313988282141,0.019110524799121453,-0.0240553493081338,-0.031361332870531,-0.028902418153653686,-0.025234798615809684,-0.014675704327976047,-0.0053199225929806415,-0.0037047032557225856,0.046900558776188594,-0.020463649833127984,-0.04087592993249445,-0.11122583941191488,-0.03288347015836646,-0.07090701654306897,-0.032008504490839695,-0.01832898110621406,-0.08542024645617285,-0.03683704437201141,-0.048873595160041305,-0.07180586722770954,-0.047756086437650946,-0.01662901606425704,-0.04180645129347271,0.003857487275649607
2007-12-31,0.004035559742413097,0.002477812316979744,0.002808764506506689,-0.0029812829750922587,0.02094529076772189,0.04632329122125034,0.005281352969513042,-0.0026816447868270865,0.0033379196444245363,0.006436470045801279,0.006230299448384713,-0.00469369132885844,0.0029318244708032015,-0.0129011334812138,0.027107421195977643,-0.022507516426582552,0.003527012000027252,-0.017518162730481124,-0.039581021299200714,-0.003915814308115051,-0.0036159777309874297,-0.009670583849135772,-0.0006240055483425211,-0.003163721725329416,0.064003573479676,-0.006937817997678231,0.0027752575118749068
2008-01-31,0.018854692017284735,0.017391695128527562,0.016798147209958758,0.027778826626435604,-0.008562838635202796,0.04223677361023581,-0.04473907154721235,-0.025282621069873668,-0.028342341803256788,-0.012919280819289058,0.008443258853185087,0.047007554112689975,-0.013587122109753103,-0.07641963102726979,-0.06389738610835538,-0.0923785041417371,-0.12479492408792203,-0.10434058974481175,-0.04570311969645857,-0.13852237409157608,-0.07797679589021733,-0.04005244887323278,-0.06819426807671347,-0.06515156031639435,0.11083123425692687,-0.05998138955664478,0.003778806748629515
2008-02-29,-0.032464282824035795,0.010468660276514052,0.0013879892662163051,0.0167274975589633,-0.006789176129103569,0.12283980799461625,0.013089943317002417,0.004077907979890716,0.012406877158998464,-0.0009224231862039467,-0.0016745134203757228,0.018790070590211094,-0.011872954750983822,-0.005787842188934911,0.06163057129647509,0.014326995118802532,0.07381391302546692,0.016057426993257407,0.006888201017273721,0.058082730086136625,-0.019860994839332013,-0.0418983235334921,-0.03706693776008618,-0.022875577938459513,0.051614296512255686,-0.03248580078149321,0.0013255567338281704
2008-03-31,0.023179996971568695,0.002535408288162344,0.0034118533471703127,0.02039968566454764,-0.03217457707575133,-0.06342023013801257,-0.028427074938194297,-0.014133835923330174,-0.025935990429313827,-0.019929319898305486,-0.00041325327564001313,0.007081886148230909,-0.005192468662843619,-0.00958509321692258,-0.05527728641809537,-0.01052181011829234,-0.05292028442121155,0.004161362084048159,-0.04056105102614005,-0.06122571854105263,-0.006088526791918514,-0.007519540223483889,0.004188920448264799,-0.014477424853488574,-0.05852756956566385,-0.004318049082825626,0.002118083134763138
2008-04-30,0.003943141339512346,-0.008851486875381509,-0.002089738322258894,-0.019087691797609496,0.0012439561501902396,0.03563590187128485,0.02445344462101362,0.010000555006381306,0.009737350236454168,0.013855987571611772,0.010116731517509692,-0.033313263928264614,0.041657065448883035,0.05255810668978933,0.07053375313031851,0.054277987431536445,0.08115298544511185,0.04525437370800489,0.0726557782654158,0.08138424095946295,0.052500067033054876,0.04874582842938535,0.04187060725437464,0.0675760166885142,-0.042916348565819606,0.04870337260069579,0.0011624834874504053
2008-05-30,0.004661427610757496,-0.003519422814658446,-0.007332950003904215,-0.011057650010709796,0.003866381929811702,0.027339959739513642,0.023819151656885085,0.015184348414409632,0.018462281598387476,0.012715857948602638,0.0012278505392910866,0.0071172010110416295,0.0042835093270232605,0.01524861312111514,0.0757409868027723,0.009737784781734371,0.018553448011962237,0.004422358031098472,0.025169636663656014,-0.03331887039227854,0.036653489461042854,-0.001586388625085311,0.045936801260307636,0.045316465395976335,0.010198849068429272,0.012952649864323096,0.000580566844355479
2008-06-30,-0.008688037412779681,0.002825482318661532,-0.0008080779187346065,0.0008517583537215323,0.009500720651655747,0.09099004062223215,-0.02439663959835614,-0.015989686471403308,-0.008081337807452682,-0.0062802390314177226,-0.019260826700651656,0.015442717245768511,-0.026794579341624658,-0.07975777845026866,-0.036277478850183065,-0.08178799295475203,-0.09975401346452606,-0.08703257807463094,-0.06817021899103637,-0.11899187884463247,-0.07202196881779699,-0.09572173456373312,-0.07698782145342531,-0.07994742895840568,0.04388042865200226,-0.08430384688025538,0.001740689946196694
2008-07-31,0.008550855931375168,0.004094210873871962,-0.0008158883521203197,0.0013773233889398107,-0.007210150816291061,-0.1185424145646562,-0.028445472240312908,-0.014316305322182088,-0.026122942477532662,-0.008150985323423954,0.011131270534006754,-0.009200404439372423,-0.016026927020641013,-0.024434083450654787,-0.06988233754200068,-0.032095160451253046,-0.03771995603447387,-0.02874024897410299,-0.034081305673937745,-0.009181373357523781,-0.019012315578744277,-0.0036105040927442156,0.03700634411788495,-0.025435657726498362,-0.012210935811540868,-0.008406223864382056,0.0016850086883259952
2008-08-29,0.011800656539349808,0.004954401964223143,0.009490656180386914,-0.016528350348578802,0.04526581706817967,-0.0728419221569907,-0.021743570199466378,-0.005045698386670017,-0.013897780726167874,-0.0014401191239722388,0.008074684772066076,0.013194722111155466,0.003227273598566782,-0.014048919430536877,-0.019799354450705686,-0.04052379571118747,-0.07987552974582879,-0.03937772200268774,-0.03978157697868612,-0.0690008508119705,0.010767427405425245,0.016987887673261426,0.03614392496112284,0.018482615246259604,-0.09074499507712508,0.014464896142462713,0.0013667665457604006
2008-09-30,-0.031034173138067,0.007853060512194032,-0.013431628540614082,-0.02352781095671086,0.020170284239121594,-0.11527921242911654,-0.08140379454204816,-0.0600635083197365,-0.06529553050863146,-0.05898082472588384,-0.06843383927068059,-0.046319311100378124,-0.08297392267995574,-0.11893628051926086,-0.14228457744616552,-0.14458974413199233,-0.17500246535451813,-0.15084501058432165,-0.1120999699138564,-0.16556538738144522,-0.11580462484802945,-0.07347034854224566,-0.07968040214548633,-0.12261931382723545,0.04788545990495097,-0.08910748644993072,0.001942359178959574
2008-10-31,-0.001561061750090409,0.009566685424873489,-0.023604208769948953,-0.03686211424561181,0.06687683550318102,-0.21283224323004146,-0.09458350993852704,-0.0819095068969572,-0.057196273130460606,-0.08031173892609256,-0.1489103491014252,-0.07639858196326432,-0.16298381261577977,-0.18960072153063423,-0.26996127979917695,-0.20178309556852858,-0.2736771421841435,-0.21244625281688312,-0.14782280659595293,-0.24065749876195197,-0.1760592615817984,-0.1731133385512661,-0.20802932881659753,-0.22351567537423978,-0.16889603306734025,-0.16794757601381294,0.0012050717803624433
2008-11-28,0.012384272259801321,0.012091587342423438,0.03254984863105026,0.028915086290507208,0.029583905005991618,-0.06958265541639874,-0.03771666432707432,-0.03656644757432348,-0.026423082314796176,-0.0280244116447792,0.024786869330420735,0.04687583587439148,-0.08432300812860949,-0.06472868199660475,-0.05710086316149665,-0.054050895985443215,-0.07527735290131465,-0.06857473769473499,-0.012458674046970653,-0.0592156420096821,-0.07952931752070624,-0.07170882887284169,-0.11828683319803523,-0.1017713266153466,0.13013745941838772,-0.07175490407498897,0.000627976346224246
2008-12-31,0.01668067653563221,0.005634638196915898,0.0373091739192466,0.062130939937455,-0.026363857622397235,-0.04483936559577073,0.002194049448337232,-0.014988431307215277,-0.017190822580770204,-0.00235920039212667,0.07768369944934572,0.03418628715970207,0.07474408972058688,0.03208350366868773,-0.02856835595586138,0.06012216343200594,0.07799250434454885,0.05249874483387451,0.08126379290376717,0.09895684052657883,0.018073274640504344,0.013880665745674703,0.05804084120694908,0.04271360707604188,0.07823482672208293,0.010640066384777214,5.229851995181001e-05
2009-01-30,0.03364079400597353,-0.003117495892488553,-0.008823327143937743,-0.03270117538032524,0.005416536213572742,-0.053752224597018006,-0.00881165761535152,0.0036957216704314177,0.011136160111223647,0.020547026166424676,0.00851601560353843,0.010796388027620951,0.05307925441158212,-0.08760570713950311,-0.03560566029337753,-0.09813280585911921,-0.06458066270442442,-0.11058828909304796,-0.06796779125038321,-0.05449108697102589,-0.04810466264789515,-0.11498953737347528,-0.1112214210158804,-0.07396324751763494,0.05192449407629951,-0.08428631993921454,-5.229578495968834e-05
2009-02-27,-0.003865695165264027,-0.0010142416430715118,-0.0037744489235188583,-0.02233985721917331,0.027528807642979602,-0.044333157854478555,-0.022039646735757534,-0.014119806964453585,-0.0021065470394521224,0.005183477438630124,-0.011930703857049418,-0.03927187847531988,-0.03466670742705169,-0.10235912340621978,-0.086081719646253,-0.1025932290718109,-0.05640975062810172,-0.10159706920492362,-0.12382161749570142,-0.06528446887809758,-0.07522863611754371,-0.13360963908420453,-0.12152355349228916,-0.09950446691378634,0.01559519318855429,-0.10647796709532442,0.00020919407980746207
2009-03-31,0.001299254219993884,0.005499386606878431,0.013901367153493105,0.023013748583143867,0.006313905685509713,0.03603175201039588,0.028999696231114314,0.012767254166768272,0.0003484046882475944,0.00995704004840725,0.03738214699233611,0.06610187817614022,0.033036633226642076,0.07540873241579282,0.09342273200297124,0.06337608881646117,0.1437090500998477,0.06930195912415615,0.020996465841222722,0.138000137258939,0.0891960583389344,0.08550175060028131,0.08926703486903143,0.09153409315407046,-0.02437600815009766,0.08759547121563882,0.00020915032679735823
2009-04-30,0.013123246567140034,-0.0014725062055618299,0.004780909334450634,0.00899548777173731,-0.018355066986471824,0.007330185549582202,0.05444284485580275,0.031902162062693806,0.00798229619089863,0.030997126677581033,0.05386659580122233,-0.01305333492423344,0.11465983489894671,0.11217934337673419,0.13877160460687765,0.12804052511043107,0.16640692640692634,0.13942980396555793,0.09625752476403826,0.1675270477270261,0.0960059887407625,0.1071916665245598,0.15458261209810908,0.15371756142186754,-0.033882634470005946,0.09570935909919509,0.0002613832401066052
2009-05-29,0.004867598660181827,0.0016853459172494478,0.007253460946846646,0.035689598600021855,-0.04103555946281878,0.13004484304932729,0.06374442514570533,0.047429671110515326,0.028634142135389284,0.039329080872431366,0.03784955997680095,0.003282315392427071,0.07112997835200208,0.09060642532923024,0.211995632279534,0.11830604549940538,0.17086879783584052,0.12130283644248707,0.10301478986409762,0.16082377309565743,0.04957177495948817,0.0618363440339722,0.03014900124480624,0.04342344706412549,0.10242062598513835,0.05593314731772603,5.226298735228063e-05
2009-06-30,-0.007312509554768698,-0.001598384790106766,0.005687679860998163,0.004137049056372577,-0.02429586992971966,-0.01902685957011907,0.0018214814796475576,0.015277816528961985,0.004597507104333598,0.015460380576513888,0.013193060887312313,-0.00536827835517395,0.031797499555260345,-0.0045118534065407,-0.05455351486472371,-0.005687506525891672,-0.013471582884574063,-0.019582594524493957,0.017585922598760684,-0.004694480536817203,0.011187199152019378,-0.007385089744174289,0.014687770397820543,0.003479872504906778,-0.05379045518142911,0.00198399833151619,0.00010452051215059655
2009-07-31,0.017163061959132975,0.00147455342096392,0.016129685369903113,0.022144694975066992,-0.007932661154454457,0.03231700865205389,0.03203056835719287,0.02796102175971371,0.014734159911400146,0.02969249857127476,0.030862569242943838,0.009776840881006166,0.06183067573644552,0.0846974028000782,0.11965358452529107,0.09130117726692388,0.11244671660014438,0.10502773121441411,0.042767973576112395,0.1301653723896512,0.07102638798015848,0.08185082353923567,0.09631068588964653,0.08852845752143201,0.029681597409606075,0.07563693470772948,0.00015676438313216856
2009-08-31,0.00745631430574778,0.0039123301501828855,0.010354400786376505,0.017565764546371376,-0.015614651358133558,-0.005826628242983856,0.013672660934632042,0.023002813232854136,0.011457930825694573,0.017522287276521276,0.019005303805713192,0.001457725947521915,0.020338574491912453,0.04125447189431797,-0.014651368383283403,0.05435844086511632,-0.003578271069277328,0.06306712143638604,0.03935042167372038,-0.03262761479793663,0.02073906781649737,0.05230598237492723,0.028674601477680417,0.04861745443443133,-0.002945492662473792,0.03610405430214492,0.0002089864158829613
2009-09-30,0.023490973472177323,0.0023885350318473275,0.010504657415381091,0.021370567768512316,-0.016922656347455822,0.015734480639213455,0.03216910744326462,0.03761802601025188,0.016931328115874722,0.02451063249058638,0.049172468896244714,0.019647659951719465,0.05976011300380435,0.039858388967436875,0.0721576976135263,0.03828833283509625,0.09077001365592219,0.046406968207453714,-0.01722192898024244,0.08840126930122993,0.042535588851809525,0.03863602190169191,0.05767699291231976,0.056704278595566926,0.059409791944827095,0.03731525995152407,0.00015670706226500464
2009-10-30,-0.015602916708276626,0.002215626437021889,0.004937516669810904,0.004698241383133794,-0.016636203856942866,0.03279641464281102,-0.007170266705934791,0.005366405028009336,-0.0003969056986112829,0.012557164961793488,0.0014795796253181948,0.018705095141022587,0.017863252229616933,-0.01779110939565165,-0.0517111785095099,-0.012495870359495065,0.0012371888942366294,-0.011613893914865114,-0.02507882785271498,-0.005278740015479233,-0.01354485000400607,-0.030604714556086043,-0.0678949647058823,-0.044026776519052624,0.03746154609506802,-0.018576814385936835,0.00010445500600630986
2009-11-30,0.012563947042971702,0.006089930758321538,0.012946659761781554,0.025463667198678763,-0.005820418136642469,0.03517430663467813,0.01566325705507765,0.012591315316613727,0.00798098619688492,0.006104565624812652,0.010472114193842641,0.026498659208211928,0.01013228857098536,0.040862790274661887,0.07392294481386719,0.02002184782800409,0.04295319826594701,0.02902941191347863,-0.010253298205652017,0.026907692714451148,0.061432536293766216,0.05636326880733433,0.0313901508297576,0.04829877008708161,0.12834664498541293,0.05998348884085547,5.222204814869791e-05
2009-12-31,-0.00039226224514099517,-0.007960199004975022,-0.01563139059304708,-0.03762684674422179,0.011533628819573982,0.019789351762254714,0.020680902759219855,0.023586033376995275,0.008092985115390583,0.020512228445421776,0.003203681007976966,-0.027483146067415753,0.031346173535452104,0.017957106533193157,0.031021957385083843,0.01440269736504396,0.03949329148463909,0.015093620615074022,0.007712200242400158,0.04347490262283893,0.03090844916289104,0.017695666940790833,0.08049426246552449,0.05695181260507609,-0.07007281944338484,0.019315130805245495,0.0
2010-01-29,0.005715091417255236,0.0076897358742895605,0.015275848189360675,0.0041308822450192295,0.008008648849345379,-0.07277921819371258,-0.012712971510532523,0.006921552036027734,-0.0011812019209289648,0.015317656838982563,0.0036863989026534316,0.020513205628855946,0.015155120638030484,-0.04133102768742147,-0.0741548867803431,-0.04405731483207709,-0.055771961416890115,-0.05908521340823669,0.018982012714288565,-0.06040162001543892,-0.043636116005124626,-0.028123321807983492,-0.03681136571620136,-0.03341812420974988,-0.014375962879568216,-0.03597335291066828,0.0001044386422976995
2010-02-26,0.009511000380051371,0.0019077637690776417,0.003734325743188549,0.0007442734571054821,0.022746292910826638,0.03712717201409377,0.009169447891585802,0.00805749996396754,0.0012472976154498383,0.0056242558647858765,0.014157591287636162,-0.018085690511097652,0.0015488291024556844,0.014096771016447684,0.05749668974875766,-0.006855696326670713,0.003517525690037049,-0.019896637280572227,0.011191379816871905,0.00502691651192011,0.03436625173517771,0.03156571819024845,0.04504580438183847,0.05003485365875204,0.0336570477247502,0.03097722815538906,0.0
2010-03-31,-0.005658357674965919,-0.0025664376190082105,-0.0012295264730428634,-0.007558171740679631,-0.0039986918187029374,-0.012423696993752897,0.03153863261599099,0.030363647811136874,0.015559272311045147,0.01620563964107702,0.023329753858463365,-0.00786330304847116,0.030957396247492497,0.061930471647650975,0.08259760872918354,0.062422871563743376,0.08073434001263147,0.06480792918187173,0.04994142152060399,0.07239879808140959,0.05784271760156812,0.06509958584051057,0.08138853283021041,0.07068818460271498,-0.0038833561502875646,0.06034482286582876,5.221386800324801e-05
2010-04-30,0.009236900823526017,0.002780544488711678,0.010409623799257472,0.00016093982852760647,0.002423470574706821,0.01944268915978098,0.011897420361925759,0.017410033373849165,0.008706781864222357,0.013897547811587918,0.0076130120779407395,0.032550842533410895,0.022389940961085042,0.00014030342260662465,0.014207316750891819,-0.018094163796463336,0.012115400451040204,-0.02705581603529228,-0.0015635147380066439,0.02061600899405147,0.011173897623832474,0.025875458293869613,0.0565942433845803,0.03760394306725723,0.059088255108915355,0.015787432538573842,0.00010442228371543294
2010-05-31,0.00744918932595473,0.004552414849149589,0.008414872798434558,-0.015631174258776026,0.041063589947616164,-0.06922950608681766,-0.04046352268009967,-0.026637600426999364,-0.02299986753860217,-0.01789436229394048,-0.015784852259500437,0.0037703571147202908,-0.035206115979658836,-0.09578816254625022,-0.06883018659300111,-0.11506154633037369,-0.08795771394977747,-0.12174814055331573,-0.08086756055027511,-0.08388467519711884,-0.07634150284661423,-0.08219603889044391,-0.07585332150560853,-0.07354123055336503,0.03161073085502486,-0.07985057820115304,0.0001566170712608006
2010-06-30,0.0020451615359027286,0.0046553784039879975,0.0156814383102859,0.015316525078149956,0.007221527259386296,0.0031823571296878406,-0.01845359378297662,-0.010903008272664438,-0.010224874718030352,0.0036560568654719905,0.020063073156562528,0.01923508173928634,0.013038082100099935,-0.034286228698718446,-0.052164440173765425,-0.00997269042329385,-0.007349428793415935,-0.007434156556724858,-0.02006503360069367,0.016964043078320667,-0.055065373540875706,-0.056294503998409295,-0.0774940011123133,-0.062466194081183146,0.02144207843459678,-0.05234867365864471,0.00010439503079640033
2010-07-30,0.01307627545195511,0.0026654637906995404,0.010668852620679514,0.0339799249369821,-0.029048303808226428,0.06774238651212428,0.02356706314221224,0.019715516593238558,0.006445471881599607,0.017014951977949666,0.041167497203295156,0.003503792566679431,0.03465107105971432,0.08107301895070207,0.07134627440570651,0.09482871077042176,0.08327438861767877,0.11644618840909571,0.035598590031629795,0.05785111865995063,0.07133194535870468,0.06769974074946972,0.06871935257558492,0.07185979426332101,-0.049405173940340386,0.07006353087546913,0.00020876826722338038
2010-08-31,0.019113230863537334,0.0019631098932559876,0.012867501326389474,0.013917460987834307,-0.010695375236904336,-0.02545139973424615,-0.01372638629952827,-0.0038365661018658903,0.0014777954820992534,0.00818782616610636,0.023266717458829023,0.01711247533435656,0.001563998663663524,-0.03733510338511403,-0.019498166041369114,-0.031048372852978456,-0.01942025572545647,-0.03679547608761535,-0.02284336924329977,-0.011443381732113456,-0.04668968984440647,-0.04278979854279241,-0.07403787323040989,-0.04402110770780687,0.05622353937341251,-0.04514428431015727,0.0001043623460657006
2010-09-30,-0.0038929288590646705,0.001714355687987279,0.001065693694344505,0.02346754916778293,-0.012637194800817375,0.07260318920062936,0.047398473693803345,0.02519236783483625,0.019913805509131688,0.0163145076694593,0.016762122947690195,0.021836367359696407,0.029689746586701204,0.09324578926685656,0.07759706323043192,0.09798676049304267,0.11112778876987095,0.10989617891121095,0.04577259590350602,0.1131821857246369,0.10645033399460235,0.07758317974161644,0.12459598844021746,0.10576659534822452,0.049013949013948954,0.08924444779195517,0.00010435145570286686
2010-10-29,-0.0023471341556199343,0.002281895603276185,0.0035605595852428173,0.012557337629727217,-0.035825823503212395,0.049827652471580386,0.023665967001219368,0.01859392354387257,0.01387358691908358,0.015607661000129225,0.017199294002778753,0.025652114295357853,0.02425273948714879,0.037275576034295765,0.0311018066575679,0.03612810060002691,0.02903633840523656,0.04332526507185119,0.020400275121714495,0.026269201138311216,0.047759549516597444,0.030005804018715665,0.0409215808645127,0.03869233474047862,0.03886774573188445,0.038049169412939454,0.00010434056761265964
2010-11-30,-0.011950414733116754,-0.0018701467658658322,-0.005747401982523992,-0.038066778306476645,0.007281754813011743,-0.0035402567725623113,0.006372064680886247,0.002592312253091089,-0.00018671455939112125,0.004637208205668042,-0.03184184295049286,-0.019215541089480537,-0.011156313366406101,-0.021589521458939664,0.010232493279991095,-0.048144804205568215,-0.026398260483522562,-0.07592650196854644,0.021019893034331938,-0.014673575002527972,0.011613499095365354,-0.005291804785604759,0.03467370179027429,0.01815100929379021,0.019729292334853543,0.00012818021936977786,0.00010432968179463487
2010-12-31,-0.012468861449129953,-0.0019551138446498584,-0.010783669582095201,0.013058653730044556,0.013243078106013328,0.10688967689999318,0.03523263080696326,0.02674615111610046,0.02173478085323932,0.010673162764171629,-0.003317508436767147,-0.022837250512475205,0.01760809510666994,0.07352533481740275,0.07667440522236024,0.08097572080367055,0.07136185454037336,0.08392992016608258,0.07618023389926432,0.05527395982337224,0.055081531539111994,0.07890372808405588,0.07940774476231827,0.06919845636169386,0.025378367070162167,0.06683186676617026,0.00020863759649492053
2011-01-31,-0.003836599309643085,0.0015916418397745602,0.0011638535128877248,0.0017997827962523694,-0.011740632834202791,0.010030111481438952,0.004215254499260412,0.01679443671402625,0.002561393763630848,0.011454314005393318,-0.005432807269249218,0.0016578587332671813,0.021024415900435356,0.02259210653897159,0.004028159911477536,0.023596963682338545,-0.02713172973071931,0.03941448440957407,0.0012673036383017422,-0.00981862651205967,0.025448928309971697,0.022621673628385075,-0.0025767481832197348,0.021278765077131778,-0.06242437033910231,0.02370158478807749,5.214851898216466e-05
2011-02-28,0.012860000306387676,-0.0009371689348870449,0.0025015063815800875,0.005887299458107842,-0.013037409192004246,0.013179079269887595,0.013006342521862724,0.013636529942470776,0.008936387375877874,0.00907718645625244,0.0029428170260239472,0.006240157691195236,0.013369760583100687,0.03501254873980608,0.07270177112029441,0.032972194237550934,-0.009325922772421502,0.03283187086200545,0.04559954350241768,-0.038729491731220755,0.032727073692865316,0.03688501078525852,0.05484157130830747,0.03798361386764637,0.05902436462139904,0.03425890119252406,0.00015643739896753495
2011-03-31,-0.0013085061895490302,-0.0004894163709776578,0.0005524794793336785,0.004709639141238897,-0.016612066498281397,0.02064548589637427,0.004993208072367139,0.0035529420588067406,-0.000690071076548171,0.002856794736134205,0.012695612150966262,0.00883109140365912,0.004201397607775714,-0.009861753437116039,-0.00040742925657488716,-0.02241181532407943,0.05879475965944447,-0.008337293134015766,-0.0918703394091247,0.0628310666266263,0.0012212861443312573,0.003971141104837539,0.02591601341230665,0.015295980917694685,0.01478746997513003,0.0003975786122361047,0.0001564129301354633
2011-04-29,0.014694445581433513,0.004447708817888696,0.012693943678209862,0.030995329723658704,-0.017918372017784123,0.03463057637520972,0.013357665902519855,0.011940531811792443,0.011135294881996716,0.0082654181680053,0.013918872855357423,0.03135849892886178,0.015199585277345662,0.04248250354906413,0.011685213193015187,0.05977385966137305,0.031018616102861607,0.08001593900640169,0.0036469181985090415,0.037765362477570896,0.03348880057032999,0.02662856812204395,0.026405853215409447,0.02993845580596366,0.09181678536517235,0.029615426349700824,0.00010425897930455008
2011-05-31,0.011998386446147702,0.003696782580435487,0.013050121333772813,-0.0007846218645995995,0.0014673345436444496,-0.050582091672951024,-0.012803773504774352,-0.004651098669274822,-0.009876820707390932,0.000996366405954241,0.014661661156870398,0.006021661610244422,0.004890145935411594,-0.02074530548233422,-0.030556510169938766,-0.029544933516735594,-0.0262293085336599,-0.03300150728223705,-0.016284059793516548,-0.013402793956252101,-0.010886826127866844,-0.010565445236960902,-0.018748575218655583,-0.004168148538771899,-0.01789345782439089,-0.01131946344875856,5.2124055251567825e-05
2011-06-30,0.0018104677081438592,0.0002023717974664052,-0.0029277294423118994,0.00075848138648138,-0.0012324788338278214,-0.05044241628204238,-0.012597385108082615,-0.010231641019400994,-0.01297142226058201,-0.0025070277837919708,0.011210101976953935,0.01106093430567845,-0.010044765626120888,-0.015819719745649774,-0.028618962458953567,-0.01252099873164747,-0.015382003926464827,-0.01915988714586081,0.014648663249892557,-0.023212345018691738,-0.014342607218430503,-0.020503409775231574,-0.023055989550824774,-0.0208848707453253,-0.02314875107441461,-0.01666913048112817,5.2121338475874524e-05
2011-07-29,0.008724832748839617,0.0028326319197151673,0.015868025483752435,0.020641793888848792,-0.006287933266216128,0.02961768932444442,-0.003271557478183862,-0.0019253108511602113,0.003401010050668729,-3.349236108085574e-05,0.019459361063074443,0.043724504936800024,0.012354536176482966,-0.018132227672382983,-0.02150685820063203,-0.015902268987738277,-0.004441480432987532,-0.033898170530012095,0.03541576788974421,0.01144654637598852,-0.010023467905588612,-0.0331692456814483,-0.03614505474994989,-0.03625232295980452,0.08457708126412333,-0.020334903150027395,-5.211862198362116e-05
2011-08-31,0.015501649959332786,0.003510612541360647,0.014609963037143903,0.012718624953519386,-0.0004631452191834473,0.00998587196036338,-0.0488786416989172,-0.03720547536827912,-0.02446580404187937,-0.021704073192707285,0.005321048496536029,0.019951230325869984,-0.04007115382779913,-0.07045713436679713,-0.03562610492244844,-0.09028998195224403,-0.0893648920220741,-0.10018739612515204,-0.08127757484330234,-0.09891581357176782,-0.052774459891994585,-0.062405742594393465,-0.08700245130395245,-0.06875546506923513,0.12199993853907376,-0.05432181629167254,0.00010424267695174905
2011-09-30,0.004012407778710925,-0.001367163939040572,0.007274610802566972,-0.023107205887413995,0.0309437481176007,-0.14734994208325436,-0.06035347131699509,-0.03941525060994988,-0.022738241229829148,-0.016798196857655046,-0.04200561258925084,0.0023388110335182954,-0.03594718846826428,-0.08637057500905776,-0.14130025771984278,-0.09528752903327453,-0.1457946029799958,-0.109764747177034,-0.01645063071593378,-0.1317897831679531,-0.07368439296596296,-0.07557343793916738,-0.11210199611036964,-0.09630928564671593,-0.11052011722494592,-0.07029859629118873,0.0
2011-10-31,-0.0038690922933839467,0.0008455808335010584,0.001074169090212962,0.013311028609062525,0.006097098505852827,0.06618352997275889,0.04908094712767985,0.03025682924273254,0.007568468576096832,0.012663566680903848,0.045089641618925924,0.011497070344723692,0.0595572366741699,0.1034368259258529,0.10424502903102817,0.09642102325419133,0.1324561506285955,0.12103152266431283,-0.002466954739020588,0.12006213283470024,0.10973930274482058,0.11449103894086665,0.15135819802537198,0.1301261386303676,0.055986303647639124,0.10929314389091727,5.211590577447467e-05
2011-11-30,0.007427637335557735,0.0006034760218860402,-0.0008675452464799172,-0.01745126805476349,0.008881517871227818,-0.022190194824339926,-0.020215155722287603,-0.011847623913450844,-0.008408718493802314,-0.005949230193703081,-0.00585428160868573,0.011380370957218666,-0.02211539280495345,-0.02441562216647153,-0.02709508365483404,-0.04851252028381425,-0.06664493968175134,-0.045124587691442786,-0.04415397572519153,-0.08316299368374003,-9.64560630869471e-05,-0.005181915633372447,-0.0036451452585900546,-0.0050052488215881485,0.018458039307167384,-0.002210279058236231,0.0
2011-12-30,0.01690730186340028,0.00048248964657626736,0.010990831452971861,0.006743342132883967,0.014093355159468635,-0.0374791169156643,-0.009142746544025249,-0.002102766459920802,-0.004909174350316348,0.003790460460686651,0.011795356805082147,0.003561850872261685,0.02478676612396491,-0.0005556213919313269,-0.022408922983822133,-0.009480241971890346,-0.01205209921019823,-0.015450192620608427,0.00828228866601699,0.0058604671168651645,-0.003215512258552211,0.020151542701120517,0.0066056739768258765,-0.0012067509093730555,-0.10389669882898611,0.010229392764041778,0.0
2012-01-31,0.016102281235487403,0.0012458304866775904,0.008780702795246897,0.016737375833606016,0.0018871116957259737,0.024728675455360172,0.03882424602718326,0.025348004996498696,0.0157456894257475,0.019738373130252063,0.017619047619047645,0.02870589315640859,0.029029304918797072,0.05018312499216582,0.05924372862822147,0.05334539692828466,0.11342464677518449,0.04686704863580027,0.04520817292058732,0.10757849499150107,0.05969166045749352,0.03782979077761883,0.07065099102741379,0.060631375459550885,0.1104536363113533,0.04481508964129577,0.0
2012-02-29,0.00016826474648379275,-0.0014851087741830638,-0.00022964942055525572,-0.0006801488356772412,-0.014672134384929314,0.026986806266247276,0.028934365228248993,0.01863805263993279,0.013200955980328555,0.015767517064045,0.02951524289849039,-0.0036465563029186576,0.02278516857909807,0.04884868739394954,0.03548540056104743,0.05737755708162573,0.05990119338837152,0.06333478521144142,0.050465084664161663,0.059965509697180286,0.04782470610269529,0.03986311570833112,0.023932338928035035,0.04148752314897708,-0.02359359175029918,0.04324218166406668,0.0
2012-03-30,-0.007452389274498206,-0.0006029665956506225,-0.005479237164690787,-0.007200735739322006,0.009302312723573403,-0.04136531059092374,5.2956638752821306e-05,0.003948833286842479,0.0013742676150236832,0.005156141822879379,0.0009427292010371069,-0.008157505711597901,-0.0009355864315742091,0.01285643458384289,-0.03010239719567831,-0.004646698358651613,-0.03337897003665202,-0.005883330205691206,0.013382506959798812,-0.03144027925330095,0.03289182671569413,0.029644009264937488,0.02562214824075837,0.022401842523031457,-0.01686154789127503,0.032909207421962794,0.00010422637969664805
2012-04-30,0.010589028075675744,0.0021719893813851865,0.011086449519474462,0.0118003507858504,-0.0017597773778906811,-0.004232311716276693,-0.008187898836213958,-0.0033190076789352263,-0.0028145952957865372,0.0029085840630864723,0.01755861280231419,0.022289066840101457,0.010222568632545226,-0.011355931019634835,0.004922591786824082,-0.01957318583424017,-0.011953151318879418,-0.022913232963192698,-0.03193615796965399,0.0003729331979491768,-0.0015445927847312912,-0.01019725294735574,-0.015446657970723088,-0.003311789634877882,-0.002038186014447163,-0.006276857251586554,5.2107758845343355e-05
2012-05-31,0.0058030129255011165,0.0004013485310643272,0.009048261106963329,-0.010265945522908937,0.015278747628343803,-0.09131986325549213,-0.04712771928730919,-0.02330071681358925,-0.011900829122259204,-0.010544197695849133,-0.02771809196390196,0.024175591135616514,-0.012072540399918674,-0.08632391948821971,-0.10749390940805204,-0.11481293104675527,-0.11214255493890146,-0.1225674229311251,-0.08926804215092776,-0.09575484554103719,-0.06414634184047596,-0.05864053631510513,-0.06618974719191917,-0.06707075849252175,-0.06261600840967108,-0.06010057058447027,0.00010421008753658256
2012-06-29,-0.0010696780834680286,-0.0005616625210622672,0.00039203560345879573,0.004779875942184875,0.014986663207478435,0.05492975312888282,0.0092182094177371,0.0017875513651273156,-0.004060694628062356,0.008826154529798513,0.03568210794730131,-0.001596093453428593,0.02033746916636958,0.05095536690667801,0.028518156283507734,0.07011136469635315,0.038592852137351086,0.07931275502245105,0.05140423280817075,0.030140830431845567,0.027153093515513982,0.049649072801519534,0.04989987317942379,0.028128549146068327,0.02367174833868413,0.04120207025657985,5.2099614462841615e-05
2012-07-31,0.012214716957247296,0.002408477842003931,0.013793141513547491,0.011568172439173408,0.002681225695567724,0.0646861266860701,0.0027535864796328635,0.004664408028307143,0.009025706608988937,0.012016349389969205,0.040033484341146286,0.017939389749660917,0.01916330080485862,0.01285545624394846,0.021766725725138603,0.01134108369323017,0.019507824181281386,0.011254292412718137,-0.023880293054295065,0.026084178311388984,0.013404918198298699,0.010349787600150595,-0.013819084088369848,0.0023068253574938247,0.01072334032364064,0.013889141543513173,5.209690023444402e-05
2012-08-31,0.0002398836564267981,4.004485023223481e-05,0.0006533243319759574,0.008634909393631096,-0.012879018220491423,0.012983559928048782,0.01177854740861961,0.011362965210602205,0.006600264994233163,0.010532068083051627,0.011599829553524899,-0.0023769301946535704,0.012058380452028006,0.02535173815541425,0.04245402792946673,0.026855931949229417,-0.003330280135328989,0.044111260060726964,-0.007262091608457366,-0.005178612983897102,0.026904143782650936,0.021711623129438307,0.03334718737046671,0.0315258270625125,0.0478576471899812,0.022522552594904433,5.209418628870921e-05
2012-09-28,0.00558034449414424,8.008649341295637e-05,0.001376526148556101,0.012191439057180231,-0.022454379034329786,0.01705559998270556,0.019619405137695223,0.01275294932876947,0.006538765068530683,0.01313117801709418,0.014727448594339831,0.007177562777082702,0.0142431224934918,0.02747350054592812,0.036762641064234325,0.02958124633602388,0.060341896687278185,0.029524426406381865,0.023258316505846643,0.07036086465186919,0.019611250416183834,0.03174253838730978,0.03283822857848384,0.021227873780042872,0.04752194343470162,0.025841855742965603,0.0001041829452519405
2012-10-31,0.001827251644108241,-0.0005605605605605302,0.001966867518975901,-0.0014044484880715302,0.0016470157642936023,-0.03872880663780853,-0.0024856924990293017,0.0043365114767168755,-0.0020813062460760534,0.006480666230651355,0.00816395559792138,0.007464357376702813,0.00824745173360153,-0.00675756490250945,-0.0037069254302994903,0.008322386747560584,-0.006072053025255264,0.01453438314466271,-0.018725474932707598,-0.0027117955410818073,-0.02918645460730629,-0.004909929923056833,-0.02169480483549846,-0.010109421581200095,-0.029115531104528136,-0.018464346205894766,5.20860461481476e-05
2012-11-30,0.012404535483133472,0.0009214374424100225,0.0015779969741502864,-0.00010501126144191186,0.012445636197295107,0.0005160544468780781,0.00450299104382923,0.010234473797340327,0.004518529214863953,0.005609789855377967,0.015524682415018365,0.00714489374905658,0.007423158750243131,0.012804888722293795,-0.004823200456785748,0.024165220928626496,0.012697148560166571,0.02596866733748837,0.023745711775339018,0.02762997074037954,0.016745329986961988,-0.00041477354886332307,0.005313200000426788,0.016442437702280266,-0.003301078080957809,0.0058009943635441985,0.00010416666666679397
2012-12-31,-0.009675649072850345,0.00028017931476131963,-0.0014239152797478338,-0.0032935503480279182,-0.0065886413776448105,-0.026071322172074196,0.01636505920705611,0.019871607881609243,0.011279931639825103,0.011757510952544958,0.009295550449760492,-0.010766207597128985,0.015858465780672848,0.018806263688782243,0.015273895823401773,0.0319685293857801,0.04889502762430942,0.02813862605233375,0.05297708058353434,0.03130518879825073,-0.00027622410015171184,0.020654649738914177,0.03562512622318725,0.02245894189416542,-0.023102444940727884,0.00911467462211224,0.00010415581710221389
2013-01-31,0.002498557619569075,0.00016005762074344787,-0.006994182358394996,-0.009095669342031876,0.006043678380703854,0.02397259539687857,0.03336576841640726,0.022881695580633243,0.020520075697851192,0.017690871787318097,-0.014224073798541959,-0.009368292580278714,0.013757887648994771,0.0509394520733053,0.01811159305055776,0.05274783460738508,0.013787556321135597,0.058455078955693685,0.03671559431557769,0.01660885747485974,0.04285899087372358,0.06499554910161476,0.06259278022800019,0.06840910060915029,-0.006953770853851404,0.05179514966002419,0.0
2013-02-28,0.0032794200954111563,0.0008401680336067585,0.005012312379538031,-0.00947499640491567,0.013520319850121254,-0.0408679835529967,0.0031648936546788686,0.003641956881816233,0.0026238727119396454,0.0038791295056148645,-0.0014187822622029334,0.005178771709207108,0.004627691542494761,0.001651210744085807,-0.014341572391524005,-0.009485445179930885,-0.012563249219477712,-0.027655360365103854,0.026661879326477234,-0.0011115121722042876,0.012443911899440607,0.014354256896370599,0.011031134461816583,0.014145543857522425,-0.050543968263509154,0.013574720755489045,0.0
2013-03-29,-0.0023290796680557335,0.00023984649824115856,0.0007986222408145061,-0.0025395383047209785,0.02216450517979962,0.006738246818717153,0.012223090026097116,0.010048194037672209,0.009318648645279204,0.008829246539660662,-0.007527206771463124,0.0037827077425052202,0.010306067088453608,0.023423377365274334,0.005238630252888621,0.008210704387045409,-0.017224052523050037,-0.002069736711657222,0.04882996601998224,-0.0198344642457684,0.037513132926226156,0.039616483255956236,0.04617389356709789,0.04250484228941809,0.011325580364773602,0.03750338493414973,0.0001562174546969608
2013-04-30,0.008899083363031801,0.001039085604667811,0.010118666333720494,0.013909752433718836,-0.0005988722331645713,-0.027909977375074835,0.0036581034381550914,0.009918874697845137,0.008597503363938941,0.010642850099580548,0.0283421156833481,0.007557958382807595,0.018570358074073035,0.031490846934154604,-0.014756312321909215,0.05210591756345884,0.007536603777225315,0.043380812769836075,0.0877071905102833,0.017570295812973535,0.021226629675467068,0.015120736741541574,-0.0036744630065068673,0.012814081809476185,-0.07561189358372455,0.019266439233948773,5.206435153870537e-05
2013-05-31,-0.010931794625558378,-0.0014771638454167402,-0.017841980244843625,-0.029730139911118836,0.009152369913091984,-0.02242793358360262,0.01223503337746612,0.01840237925802657,0.00615747637441566,0.0006248288306647254,-0.038105534410497244,-0.052070056374402984,-0.005309168614464399,0.0003776963836952252,-0.005318014624967504,-0.024147498767475906,-0.02565538767928599,0.0018491772842510468,-0.056643326445424136,-0.012732370066853571,0.018577364649125183,0.025666639039987338,0.0399681360675046,0.0214768122467357,-0.06020816544886953,0.023391852218887843,5.206164098292554e-05
2013-06-28,-0.020788005218328687,-0.0006397185238495862,-0.01546854310071244,-0.011836922132865246,-0.009396796357701964,-0.04714575741048799,-0.016350707446532664,-0.010328273971258128,-0.013137384469871116,-0.011939816983510876,-0.05031562740569662,-0.05493468763363352,-0.026360046392069347,-0.02464044908641183,-0.05588098440963307,-0.035528379025066115,-0.0636580272693773,-0.048265229554473876,0.017481425617034807,-0.057236556603086686,-0.018817855725379418,-0.008814235468738718,-0.005116091262266198,-0.01206606678462796,-0.11044098573281447,-0.013428788176630735,0.0
2013-07-31,-0.0020078297608434603,0.0016003200640128945,0.0013671907564567487,0.012562947209014519,0.012784761644928144,0.013624427376102366,0.02266497139009327,0.013919979417109651,0.009189110384711263,0.005747173832765684,0.009500340455886436,0.002957475789748587,0.01880567264613453,0.05264584732663802,0.057404392566426043,0.05276941409369629,0.0104476593779681,0.07364349827737038,0.006029479235802659,0.01830426790651707,0.05302153527152109,0.05399288161555993,0.06998353326027074,0.05795677048277548,0.07333965152730193,0.05088432090510908,5.205893070958645e-05
2013-08-30,-0.008647449782796635,-0.0009986019572598703,-0.0051116402204499645,-0.005245199842692894,-0.011742704357635136,0.034023013309380845,-0.008484834456367052,-0.0023983542157581805,-0.006963220317621199,-0.0011417343102947397,-0.026803494571850606,-0.010464824237463088,-0.006200592835186591,-0.02128491054622983,-0.009544214995094724,-0.013228099602846322,-0.017176464478604103,-0.012758799952788169,-0.02151665747179765,-0.015120441720769318,-0.017138501783197868,-0.03793630568062467,-0.03176234231228525,-0.026616734684533294,0.0529783332201319,-0.028961690627549497,5.205622071846605e-05
2013-09-30,0.01657862196548021,0.0022790883646541804,0.009466907662784019,0.020557739955961774,-0.003973412731694936,-0.025541835752324493,0.026634147072732484,0.015428710928314215,0.012089449946689035,0.011006305486822576,0.026700110562880575,0.016977194532704187,0.009913954358398813,0.05001263342004347,0.03906072291156404,0.07392764448209088,0.06502952404855966,0.0718934827107307,0.08353188963987446,0.05422688796066977,0.04456331771462452,0.025050434098210728,0.06380369565105992,0.045793778215708736,-0.0474746823195511,0.03135971508668933,0.0
2013-10-31,0.007255616606288706,0.0010372202497308525,0.008084972340884233,0.009826579451880368,-0.012582232514078195,-0.014766192828094882,0.020095954811715,0.015061970063147134,0.012077240762550012,0.010998449253881493,0.026696883488435574,0.009183428233380253,0.024582572971922456,0.03914349372669257,0.032841207280482676,0.03362394607714081,0.048583668842202776,0.04284113181803417,-9.81412260581127e-06,0.043749999999999956,0.04423560999220055,0.04379378991984306,0.02514606104781847,0.035337161308803156,-0.004491997923297464,0.045967590600427544,0.0
2013-11-29,-0.002300787310906549,0.0009564420356273917,-0.003744189106218876,-0.008185881748817958,0.013094338667274164,-0.008003462071515033,0.01195662400501396,0.01037102495281883,0.011616239432692188,0.004783192415210635,-0.022793450014089278,-0.015287032584552662,0.004650772247494661,0.01777155993684043,-0.009092016993682672,0.007658113771240815,-0.014622525455164848,0.011820992541788478,0.014871673867240531,0.0017104640648575309,0.028209187344894637,0.02789774255295585,0.040064038877503094,0.01660365364981975,-0.05268846461989629,0.030473950715243836,5.20535110093423e-05
2013-12-31,-0.0015690491182498434,-0.0013934785205239608,-0.005651147562633074,-0.0059709069676935345,0.002158347187440901,0.012398949640063384,0.01414349151261396,0.011934679026654127,0.015226749450585553,0.007684990367479827,0.005831277434237947,-0.02089137137993735,0.005479772628275148,0.021159659894965488,0.016119331389231828,0.014962929188803376,-0.014457785044283411,0.022380060271967928,0.007957713587328996,-0.010935543730996256,0.02856486846910311,0.025327426069424952,0.019680206294232727,0.029770245498813575,-0.04125743008736571,0.025316044679193128,5.20508015822152e-05
