Date,US Muni,US Tbill 1-3yr,US AGG,Global AGG,US Dollar,Commodities,Long Short HF,Event Driven HF,HF FOF Div,Relative Value HF,EM Bond,TIPs,High Yield,MSCI World,MSCI Canada,MSCI EAFE,MSCI EM Equity,MSCI Europe,MSCI Japan,MSCI Asia ex-J,US Growth,US Value,US Small Cap,US Mid Cap,Gold,S&P500
2004-01-30,0.0037823166755472926,0.001375904781857784,0.007313996312482418,0.003001583653811535,-0.02132407767763811,0.017400096082160532,0.01876869576701301,0.02725869218374455,0.014648713775952338,0.011378693207286794,0.004395448596946405,0.011594775617093545,0.015421701639946939,0.015314574604357256,0.009736672472196561,0.013409359912432972,0.03419006473639841,0.010959784280012208,0.01736100820664066,0.05942438560949692,0.01969102588782823,0.016852417908088224,0.04271459284340495,0.028319170331989607,-0.032022676793358906,0.017623666069333188
2004-02-27,0.013751392136211349,0.004295384955889103,0.010093370373989607,0.004421443550161053,0.004875622222384468,0.06415123806923684,0.010369227297138961,0.01128923126163528,0.010179211309442326,0.00476923614558622,0.0027517104869549946,0.0240446035857802,-0.0018273626052117686,0.01601449913701991,0.020913695388629527,0.022353585260266096,0.04512634316820696,0.028558539330028054,-0.003667677281433246,0.03278845398194252,0.005622517960589768,0.020701028154304968,0.00823355997447961,0.020803628134907992,-0.01638489009702615,0.013168672255641667
2004-03-31,-0.0055675817304233766,0.0024238507276796994,0.006697895686958555,0.010285432853816001,0.017425100079945022,0.030086344348127847,0.00279890657675419,-0.00021109138637442904,0.0036489307611842214,0.003538898284015435,0.02416771985384636,0.01659908226899831,0.005880290735831295,-0.007426705283050672,-0.005721287492949312,0.004835642811666041,0.011706799964813941,-0.03195483682189115,0.13348140607037595,-0.017872199773875108,-0.01934128151356984,-0.009543169903389881,0.008528574173735093,-0.0005821288148744053,0.07569508838028827,-0.015877323716386393
2004-04-30,-0.021667329532405133,-0.010862188641770687,-0.02680708142044652,-0.03735450211028124,0.010616417852783444,-0.018527014074190218,-0.02157046322430467,-0.006410456723138003,-0.007880467112945766,-0.005850464517780263,-0.05510148871555287,-0.04728652905494013,-0.007391773097155552,-0.021271933737048165,-0.084179776045471,-0.02341140678124476,-0.08267110563549662,-0.009084657855966238,-0.055007410857236705,-0.05575930233184867,-0.012415759188446174,-0.025230072266578696,-0.051774869558394276,-0.037507914320540015,-0.09388461513947999,-0.016488894045614044
2004-05-31,-0.0030540031433918813,-0.0019203074844706958,-0.004795712096681948,0.004110519748182995,0.01617831260554925,0.01616489495970752,-0.0026998383461314113,-0.003909842245082618,-0.009569858469280046,-0.004239835223894595,-0.015617514926007159,0.01565389497132519,-0.016501350180240903,0.008321164781367019,0.02573916557281164,0.002572669290378693,-0.020740140189990486,0.01545055193107836,-0.0359025374202665,-0.034376602133741274,0.017849006760697117,0.009408502799055585,0.01512644430472343,0.024023169211633277,0.021963875447219117,0.012933057343545995
2004-06-30,0.0027050521605846978,-0.0007706858537888106,0.004983778551791884,0.0022547660748637455,-0.016464871741823428,-0.042130066964447654,0.009982195497494795,0.016912191454688363,0.0029322126941291327,0.0009422011703348332,0.014015948858193239,-0.003282615120003718,0.013859612846697011,0.019861011923731686,0.041691163507324935,0.02124244907368178,0.0035915200304670325,0.012707913287915096,0.053187214787218995,-0.00969595067219342,0.011827950615772131,0.02296039808957273,0.04144559917092838,0.02699457103020353,-0.003954362916390952,0.018777137078098916
2004-07-30,0.010577925289780854,0.002682130000526861,0.008941557913072717,-0.0011781798819308076,-0.013632577760640086,0.016696123815782338,-0.01979069726790217,-0.01028070101389944,-0.0066206956620291635,0.005549289454950257,0.028731556816352644,0.015163856067274217,0.012505735997663026,-0.033620600607162876,-0.00018340057140209254,-0.033424230251819176,-0.019276180925355324,-0.0284900851900316,-0.060251018720313465,-0.021710209759088328,-0.05750285854096704,-0.01505736958592474,-0.06830388455194303,-0.04469376983621132,-0.009087374317098718,-0.034067635061120316
2004-08-31,0.017010574592232652,0.006034306724997274,0.0179841988983529,0.020796291787401167,0.0018283027677206132,-0.019316929602243516,-0.004760975638038123,0.0038190271349394234,-0.001180981673582826,0.007159039874206963,0.04019213911725705,0.024885536449336332,0.017080982053019333,0.0033042442244795023,-0.000906974423449558,0.0033251341537174905,0.04037851870261333,-0.0004876027328355459,0.006152647342436923,0.04712690056567759,-0.006029323617081639,0.0131304051647132,-0.006230320247857191,0.0032386915070519162,0.046984718434695205,0.0029539663946180905
2004-09-30,0.0025437450576621945,-0.0020252473410646843,0.0015026260154773485,0.010606216073008712,-0.006417335186632012,0.06725557771295998,0.018659132078964413,0.012439125153430153,0.007029126299100241,0.0023491123895005295,0.015423738494894979,0.00036362397053224527,0.012720679205927565,0.017706670268862856,0.07442757524776433,0.0249247949913749,0.05648396871184991,0.03889408828321406,-0.0246689940970527,0.037233641546887686,0.008300024616806123,0.014290545802411403,0.04573468529750602,0.031251419198063735,0.019284429514357493,0.009619717067304467
2004-10-29,0.005537845992817481,0.001948860879428027,0.0071763350311968566,0.02274454817881555,-0.024052471989605473,0.01571304149892283,0.0035405834433874794,0.01368059282579237,0.0065705861875102745,0.0019005898578963176,0.014887504171769317,0.012990945432744594,0.01807079645192311,0.023261012327501218,0.06169001436887478,0.03289029936307397,0.022683502281783507,0.03488624656887174,0.02490327972614237,0.005318474505849213,0.01438692772570116,0.015414388511570287,0.01847458312588679,0.02636827942975395,0.023417010401895144,0.014067862751139026
2004-11-30,-0.010031418445991092,-0.006517866488013446,-0.00936555091163327,0.025107838143664685,-0.040288114835699496,-0.013367585274194904,0.0323108636647651,0.03894085853986029,0.02500084998076768,0.009280866073351657,0.005600897018501305,-0.008448672749768238,0.009014899653476682,0.051142104207465344,0.03931748384373823,0.06692410412230676,0.09118364233962728,0.07197137110994833,0.0468722760743554,0.08731352722137897,0.03300928325792585,0.04916882057229999,0.085349339526829,0.05954054778624385,0.05088013958588844,0.039072426705726304
2004-12-31,0.007786098901935157,0.00021369594738707143,0.007271085981349401,0.013391897319240842,-0.012636787828281593,-0.051036140784818995,0.015679966741297013,0.02605996437908442,0.013119963581390115,0.005529970004411133,0.023111320975530925,0.011838117281233407,0.013151399532242314,0.03624307496631696,0.016496077456678915,0.04193255519153127,0.04609801144119885,0.040417184621559965,0.04935990345207486,0.028756364761687525,0.037278449233875355,0.03155647515667592,0.027669646571202744,0.04063648810547105,-0.029649295529568853,0.0320986262413534
2005-01-31,0.003564428945440401,-0.0020929849866817563,0.004593945281252232,-0.012209792384055396,0.0099995185692634,0.008748602317116827,-0.007505529836119185,-0.0031655246004930193,-0.001515516673176398,0.0013244627299908718,0.004580095971963516,0.003722125376559582,-0.0027044895508827604,-0.02419989705353387,-0.04148865216991693,-0.02003264063324728,0.0008542037316385809,-0.020219930315630186,-0.02490786089840369,0.004663614762402846,-0.03503403138867123,-0.0194361763460833,-0.04340892062343282,-0.0264370516117709,-0.03783560265834773,-0.026060538258254384
2005-02-28,-0.006256355758839871,-0.004068331403005332,-0.007525793582091045,0.00028096974613012193,0.007717499365938574,0.06902236363377012,0.019657404690753832,0.012227397992621292,0.012567412469154826,0.006207401414567659,0.005044280163019277,-0.008794020784931411,0.012661385466264496,0.03005542686656537,0.06245225563786461,0.04158673639570609,0.0856255387470819,0.04840238443421452,0.018981108815234515,0.05447498086766012,0.009019908626703321,0.031519424044733624,0.015315844924540745,0.02926200813716151,0.029257668872183062,0.019421623648806507
2005-03-31,-0.009326103016811582,-0.0023310321412329804,-0.007415963531595016,-0.014378091072669297,-0.01366701562375816,0.033371949987659466,-0.012809960835238998,-0.004259952376584164,-0.007439968071117908,-0.005779947081578696,-0.02773995252655659,-0.0067177052581218755,-0.029592867902504927,-0.02169139786797225,0.01156677094707348,-0.027402051207596867,-0.06836702695453056,-0.027461502544740113,-0.022971855480529157,-0.048252669781214896,-0.02049929848046239,-0.01600166285581872,-0.03090671016878066,-0.010140450327180917,-0.01903652504248221,-0.01998800474702367
2005-04-29,0.012183031953212131,0.003608254113562248,0.01131905388078791,0.010871820235458074,0.014388367531620316,-0.06056103193687001,-0.024534901059838132,-0.019274900659240868,-0.017344898813006937,-0.010654905562474726,0.013556347007857239,0.02306892232668134,-0.012942607896652358,-0.0240041659367094,-0.056554583368676026,-0.025725358598340797,-0.02905969502509631,-0.0275613485659556,-0.02794406290538276,-0.015398059487663929,-0.0212582825341866,-0.020125473219099077,-0.059483830606394394,-0.034079541274120606,0.011885712936119619,-0.021180915460803917
2005-05-31,0.0026542587302755827,0.0014196458688966462,0.008429546214361539,-0.01578657817173823,0.01171088783692431,-0.01015166056980743,0.013130801949602589,0.009610802897754622,-0.00021920961260168959,-0.0034292048322231983,0.027527486892796826,0.004529727398419725,0.015513742742876868,0.015377800422699428,0.019411575013338567,-0.0019058439558445883,0.03241854905073338,0.0011597546441408646,-0.011499928192497122,0.025917367661379975,0.04599328348560672,0.02168370716772583,0.0630620164492528,0.04552445750565215,-0.04184683105243503,0.029429796692722388
2005-06-30,0.003082887456564265,-0.0003924295860904259,0.0031885769811255127,-0.006748920093254562,0.015950668672390478,0.014569087291557148,0.017335661317772866,0.010985663480798546,0.010775670219110411,0.007325679173385113,0.015507454927406794,0.0013918722664509886,0.016766724473286754,0.0063888520551147465,0.05832744945793844,0.01100515354646503,0.03171092714884072,0.011509439969910051,-0.003257794912538192,0.025668414377154836,-0.005950821375066417,0.008684010216486904,0.036306326910771736,0.024622971529738358,0.04147443489732905,-0.0008449417514202473
2005-07-29,-0.008283782735223344,-0.0054169208799422774,-0.011532958832346396,-0.01044442095910858,0.006828654226374908,0.042394024604519576,0.027052427485387387,0.021072425012542917,0.015592437954578209,0.010962413619056255,-0.004906264104344471,-0.02063073221475742,0.013262609906536715,0.03249406741596972,0.05233558522188386,0.028218163546321007,0.0674600913634491,0.03398418517397728,0.007523661886750244,0.061675101740047644,0.046437644087903074,0.026494423980667037,0.06091792864923984,0.05028070471624391,-0.015525978449470568,0.03475093181848821
2005-08-31,0.006088517322395237,0.0034928912029978942,0.010023826359527144,0.013671636375657714,-0.020831687104166607,0.07269249896083463,0.004622501828439374,0.006082508339923631,0.005672491612289221,0.004122500835765042,0.016618550392112352,0.02218904160181956,0.0008322717344706465,0.004747678488838947,0.056181958740605165,0.022478669005532304,0.005775995892705499,0.012122348062061583,0.0667895065562194,-0.03197710669870535,-0.015666340866438477,-0.007136275500988165,-0.02132796731535047,-0.009789572464729224,0.009776485472089647,-0.011911561711357543
2005-09-30,-0.008289552374280862,-0.005624786234046608,-0.013258333987525184,-0.01887745549870512,-0.008288940617727447,0.0435684837829271,0.019572821765229342,0.007022811885345037,0.012302817338597283,0.008792834056176924,0.013947814489779775,-0.008211071152213423,-0.012971976808656693,0.023016484227213585,0.05694715023252361,0.04158467517049935,0.09015775366932055,0.021306678759246633,0.1003636383231119,0.05143899036014132,0.0016476720752123253,0.011083233894328304,0.00017942780576563067,0.010306892986785332,0.07539759937864421,0.005142135520748825
2005-10-31,-0.007970516787287552,-0.0028554820853360363,-0.010567552769094046,-0.01753963200112596,0.012826113602703026,-0.06549318168016538,-0.021383612552534625,-0.020633613278464358,-0.017753618254289782,-0.006203616819408175,-0.017443413345733405,-0.015227600256697116,-0.009947799316233796,-0.026914718432969886,-0.07483948099146054,-0.03185931256186769,-0.06801525601309444,-0.03414327246453008,-0.014646617409162399,-0.06831189292831585,-0.012373543190963843,-0.028051153546292285,-0.03370297546421863,-0.03269413336313687,-0.01141133908325731,-0.019324481189828213
2005-11-30,0.0013324051557348504,0.0002227216697285872,0.0013643205903395295,-0.01015618795653439,0.01407229438496116,-0.0004756947867468053,0.018291715963330013,0.009841720844060209,0.013961738201354157,0.005181708580863198,0.012219493945512694,-0.0010865053597839402,0.0017663927908926347,0.03026122750951732,0.05072882909463283,0.02139765406478822,0.07966586846060153,0.013804002787072056,0.03962680840949506,0.07064606228231107,0.040086873488454966,0.02964177672941637,0.04548769353756388,0.04130939455498739,0.05689571345916433,0.034764014056549275
2005-12-30,0.0036472997420358144,0.0006491581726375539,0.006282640886139612,0.006646652939111597,-0.012071535704713199,0.02865906111861083,0.01993514167154986,0.012445134878778852,0.016855128566657385,0.011525142326741511,0.015257544587597094,0.0052549915556443505,0.005929421691887926,0.01892975870761293,0.04093765562419538,0.04330893928006163,0.05588190549445682,0.03195904901594537,0.08253471164470594,0.0583682421110201,-0.006359782906383615,0.0029162527999173626,-0.007795057975985009,0.007105824690183615,0.045286537000138294,-0.002876741436691921
2006-01-31,-0.00031455921703371637,-0.001710961144428813,-0.0031579543769355567,0.009399803236672222,-0.018464643033504147,0.015280548620730361,0.0363054987953515,0.030005508293140082,0.025145513617640836,0.018775511093774178,0.008759671075856623,-0.00243395402988944,0.012635045126857092,0.04143879476723433,0.0845171258885804,0.05818423276419016,0.10848108239911602,0.06212132642876367,0.04720635941650242,0.06912641329417779,0.014341417351827035,0.03562465941973825,0.08645751994312545,0.04817114864650218,0.09717235274766622,0.02326302789013579
2006-02-28,0.000840276099442816,-0.0024535565396621717,0.00011532760064825176,-0.006750760430484504,0.005342510522356569,-0.06580711792405458,-0.00300418936679403,0.0064458084164800145,0.0002657884616095174,0.0030257949825915897,0.019020537845778618,-0.006607532689458573,0.0031181618565474523,-0.0046925822909346104,-0.0215342140463729,-0.005416234315617108,-0.004390870762102539,-0.0023722242825463535,-0.01168603223660658,-0.0028469133412760694,-0.004793231965527833,0.0028998785104414893,-0.00595730124929994,-0.004405902956606256,-0.016123864119702458,-0.0004904728718631013
2006-03-31,-0.010183581813238751,-0.0026326326012391377,-0.013645671211900967,-0.013745924977262791,-0.0045473517923314555,0.018409216037601928,0.021627244287417025,0.020927244512733756,0.012777261590740219,0.009507255269460835,-0.022811701726451195,-0.02436520185127744,0.002417732012080176,0.01815585249889229,0.011306848033385775,0.029125704992718715,0.004976379106401474,0.03501305201733418,0.021389060297279938,0.014683902819015993,0.010932902907363706,0.00971417798509111,0.04468429574347277,0.020947753036706818,0.035522603098628425,0.008614318900169504
2006-04-28,-0.003746878938534204,-0.0006636746784365322,-0.005573202858874748,0.015168618891732377,-0.017008007725963004,0.06403831745278254,0.013839731312709436,0.012529727296601845,0.01340972384050243,0.007389732406024585,-0.00460507707615565,-0.003658577449662692,0.002665650261158614,0.026600550628996356,0.04490276559564088,0.04399847248640487,0.0674540042446985,0.047319313674317964,0.025327701461485663,0.06378881170803474,-0.0051202930263140045,0.0216512470757535,-0.003923170758188821,0.0032503794299423294,0.11749390787897696,0.009667776558483165
2006-05-31,0.0008769079311470307,-0.002532780568399673,-0.0050436476743513925,0.008921267445693548,-0.042780288424244084,0.005589304159322461,-0.027206713776397273,-0.00939671464675218,-0.023636702345017246,-0.001936725100404546,-0.02446655567190059,-0.0018414226907874642,-0.0046079218853584125,-0.038135709216229774,-0.030714319299201764,-0.04281046414615519,-0.10876579145039811,-0.03159160562024366,-0.06616896586520804,-0.07861400831522714,-0.03787226367374985,-0.029236085267269174,-0.060136925687057974,-0.037631849880072954,-0.018065527506063384,-0.032758038874840856
2006-06-30,-0.00758577754353551,-0.0021710772710532567,-0.0018411284514157078,-0.011906133966060994,0.0069251394357665585,-0.019497866482063086,-0.009310963865867272,-0.005120960620463744,-0.010220975747097683,0.0015590439398678324,-0.004018511741406772,-0.0003662405357003351,-0.007752460171556175,-0.0042541568010971975,-0.020086781759657724,-0.004027087514748229,-0.006405524582215327,-0.0007078309487786871,-0.01504920860129233,-0.007845595368784375,-0.007906591052431522,0.002435243321919467,0.0024684321069925463,-0.0028033848098429903,-0.049450735022488757,-0.0026053623639095136
2006-07-31,0.006584786355252836,0.003434473779865721,0.009462284653150466,0.005902223066995171,0.0007032015283836568,0.02804115516469019,-0.009479693762613928,-0.008429697176689621,-0.006269693957597466,0.00012029673300317789,0.02865784677124572,0.012636339304567201,0.006609653093993639,0.0021811467647419036,-0.0012710865102978364,0.005839158162377567,0.010055321483482205,0.01118567344825383,-0.009594344463427551,-0.0029053195836590273,-0.023105920592813023,0.02024363576944954,-0.036598348425118776,-0.025944815592165438,0.029877140603109975,0.0021088408014109383
2006-08-31,0.008869580666586385,0.0028717865278229393,0.01103722251429562,0.007283995489325568,-0.01318857395787898,-0.04030842151095082,0.006028929391020954,0.006278932919441038,0.0038589277982397086,0.002838934695280182,0.021753616615036497,0.01449473328870754,0.011909210154967598,0.021686062533234685,0.03576985668393795,0.023223716128140337,0.02120722366080141,0.027290059173035175,0.010735875977465836,0.03044558134614328,0.026928255582628458,0.012467751081868927,0.025336263868982245,0.021119359274080374,-0.019112060014327525,0.019521917065610905
2006-09-29,0.0020007420884686766,0.0007694130240649688,0.004417680486683784,-0.0044410000489649715,0.00045354987082713016,-0.06457847423071617,-0.00278631931503015,-0.0020363180581599583,-0.0036163238673174725,-0.0006663250734180171,0.0012280126476651443,-0.0018494097811525556,0.008787492361375326,0.007557359622098803,-0.03459739350657265,-0.0028205064448043604,0.003957900420411331,0.00419509623309966,-0.020762719857105316,0.030479150731859583,0.023112236742382386,0.015566433218083375,0.003959231455922696,0.013742212414165955,-0.05059619104671842,0.021403991139977485
2006-10-31,0.0010514506840444415,-5.138171819685233e-05,0.00271922267329483,0.005777921670140351,0.005863066637280756,0.043540061357181914,0.014734337811486364,0.019394332737536768,0.01235435456792744,0.008374342300494497,0.014657362050003897,-0.005495207738934749,0.010706192101507916,0.032807078514486276,0.04391465696868457,0.03499858963259661,0.043601308037088726,0.03899187416675254,0.013510924870358654,0.026428931411099255,0.031257687136031054,0.02883740210037189,0.05368180964196223,0.035482906987784224,0.009976975187602433,0.02869028872308088
2006-11-30,0.0021661705097610895,0.0009766517181211132,0.0074394533665083085,0.020192723310550997,-0.01506133779739105,0.050527381539843264,0.01583825270089867,0.01452825846804462,0.013668238768737018,0.009568257522651002,0.008511920664904249,0.008251096244226597,0.011800615551889049,0.020326391000105026,0.024306573345228788,0.02572239256204778,0.0701595590004136,0.031391548007662085,0.0029267922904796517,0.07266520623083084,0.01568263205395426,0.018666820168602882,0.02214340432641193,0.031818391301392746,0.06408751247664246,0.014854123640973382
2006-12-29,-0.0071846212749260285,-0.004264289867665472,-0.010115865587534079,-0.017568830287388204,-0.011576060204059546,-0.05024130160612872,0.009147479978890649,0.012187482629054003,0.013547492009827078,0.011797478986326881,0.0023377417009160517,-0.029267279685349257,0.006696422561697446,0.016018509468968656,-0.011326664734656156,0.027079833222743543,0.04071673384821617,0.027797976802381053,0.02053614775085144,0.038270392787257634,-0.0009263007708311122,0.018135925967057487,-0.0009639019029767937,-0.004425453276821201,-0.021750789107038315,0.009715132395737403
2007-01-31,-0.0065576218281448995,-0.002053012598348447,-0.004537009685399385,-0.013955161362585788,0.014085395428372838,-0.002021759512154553,0.007447803301500633,0.011616750029073808,0.008815553578864321,0.009542009006728414,-0.0071697720310019974,-0.0018192691050149534,0.0066170593250294285,0.007678520343080475,-0.007081678219513332,0.0026402135995262643,-0.014684908438880151,0.0017813178515109218,0.004332357471704906,-0.015524557295818586,0.021579247384766242,0.008661117723003153,0.012607660851444713,0.029663425947175748,0.021788172696875607,0.010996848676802173
2007-02-28,0.007582025723213315,0.00430856696590598,0.011643484469603615,0.016801946764270603,-0.007935007042794595,0.029898532859862215,0.0024935805991366244,0.006462407086793354,0.00442069295722991,0.003786144908020539,0.013389743356094774,0.018977154245340744,0.010152635591795578,-0.008980119964297706,0.0032663586566179514,0.004292446004045658,-0.00971223187824155,-0.007374591684088938,0.036450194694082505,-0.005504271058927035,-0.022573075021973588,-0.0193663567669643,-0.011711563667119562,-0.0021591610883042733,0.020947914619737107,-0.023335465922818432
2007-03-30,-0.004941785281784794,-0.0006146735624663613,-0.004451066778340396,-0.0021177552575570857,-0.014549886861063843,0.005266918634543316,0.005606687671765975,0.009097022948792999,0.007067738556608694,0.0030531507262037128,0.005264762966755487,-0.0014390701513218307,-0.0021590286391606206,0.01382375677225589,0.02287906268232409,0.021008706550994294,0.03519336724237876,0.031760048812150776,-0.017699732246190036,0.01823134248440983,0.0009421202369683801,0.010979493363315829,0.006223810513118488,0.0035367211366765794,-0.012788141815725074,0.006703358054412467
2007-04-30,-0.0017988699059265922,-0.0007772197298985262,0.0010959580985285822,0.0070063754147262625,-0.021074938999277038,0.0072548180182929745,0.014282862341935543,0.015574867510287804,0.012464424815169961,0.009894206001347827,0.004365300231644387,0.003513321350320231,0.008936428564276788,0.03981630810160297,0.056193615349875214,0.04013756012567371,0.04314837715936659,0.06029998532972236,-0.02375948880216705,0.04031314943652342,0.04278353586614858,0.032656105902814314,0.01366609028650334,0.03379096033672302,0.017788960963915468,0.03999897406762698
2007-05-31,-0.007799870500607153,-0.005218278274833565,-0.011801628098286776,-0.019815772332385295,-0.012333424194415632,-0.0029288901885360374,0.01815216906199546,0.017526206883381468,0.01724223559271132,0.010650300860960638,-0.008076045709720314,-0.020981138564791002,0.002891883065819778,0.023785768856259937,0.08112556872058363,0.01330100185527483,0.04431997602344273,0.013360608727916556,0.012095955528456326,0.05350315568088426,0.03175209295830106,0.03184597491790098,0.03673236435382954,0.03349210145781245,-0.030680477994867283,0.030671940452307034
2007-06-29,-0.006976012561519029,0.000377226940657005,-0.006945133057957076,-0.00842179798496212,-0.00701214360903657,-0.01795543838117808,0.004893776151585261,-0.003951425436938161,0.0012717624760423263,0.0016347412217923019,-0.022871034279743796,-0.006369262867126246,-0.020840917703585093,-0.011700213430843709,-0.005731528607877845,-0.0027651163931996514,0.042888327354234645,-0.004183715858055548,-0.006984763454689791,0.04621181914215611,-0.018914156918665825,-0.027352520655052004,-0.018615629157162528,-0.026532981713495718,-0.020413841689367884,-0.020600084128924445
2007-07-31,0.004260783850284389,0.005118596984976298,0.004533517418515709,0.016500266684229103,-0.021650169145665643,0.016943348106369882,-0.0021345408884649864,-0.012630861942882876,-0.001895031576253814,-0.009611747071844201,-0.012826160217176197,0.01989223816739205,-0.0352083577760276,-0.025954112402154728,-0.006365382324017066,-0.018535871256805225,0.04895424505872481,-0.025102274821950932,-0.005435007128992031,0.0681899498761942,-0.019310826077574728,-0.0500519064624525,-0.07220258152108916,-0.04103783998401578,0.018742738208358922,-0.03481271703317168
2007-08-31,-0.0021798199771112525,0.00546083790542129,0.007325057154079939,0.007381230220435464,-0.004917281093876458,-0.041241760569624364,-0.021605580640307598,-0.0219152480338326,-0.026765740780636316,-0.011812832416567498,0.0071850371982686845,0.008414182658776026,0.006214938974672846,-0.005690175152200716,-0.004866476683201393,-0.02055850066185827,-0.026182248258469265,-0.015972928030621225,-0.034307659066935225,-0.018281372829199616,0.01100296504523035,0.006273504368061511,0.017734421509778997,-0.0032217795251785475,0.008616648278759076,0.010058732391028613
2007-09-28,0.007846076168902538,0.003444415413967672,0.0040811647040452925,0.018938404103302053,-0.024113085718623917,0.07654056531838771,0.02825846749790717,0.011973419486114079,0.015284861092764945,0.009996661456568523,0.019204580098154844,0.005368424493905399,0.02093439260305585,0.04405034386773088,0.0942635853401046,0.04999465055191932,0.10693602988999551,0.04712133473773994,0.019563946396745413,0.11845281664073881,0.03838502058504489,0.030842658432442827,0.013659520150839821,0.029386008642036554,0.10090593258424652,0.03389338659692709
2007-10-31,0.0010803862183488278,0.0009016264008976371,0.005973587487960508,0.013289990614470337,-0.02897393018446537,0.03032719307751508,0.027919121914954603,0.019580676714495482,0.02764686847813569,0.017993248882339552,0.0208289350231754,0.010761116933468928,0.003045175267020417,0.027662340738225488,0.0905789462760409,0.03628172619079373,0.10851147970988029,0.04359254041060101,-0.00682562098156736,0.10373759383088221,0.031024882776687912,-0.002898320299310697,0.025681303481841056,0.013129092391736874,0.06853454419768479,0.012897431790192648
2007-11-30,0.00530742007898688,0.013466863061212697,0.014125652607171801,0.015253037523471846,-0.027912836583783407,-0.03521882014618061,-0.03275990542930329,-0.02909228589145929,-0.018533191603625654,-0.009177409868630249,-0.007562190531372193,0.04304307150053899,-0.02432113710877759,-0.044733417208144055,-0.11508332668756449,-0.036740957434016064,-0.07476450381871858,-0.0358659917664893,-0.022186468381863667,-0.08927773373182246,-0.040694531647661014,-0.05273108243569091,-0.07566335450335915,-0.05161357371330055,-0.020486503339906648,-0.04566393856912232
2007-12-31,0.0012603022305381906,-0.00029744519489516286,3.3506994631782305e-05,-0.0057565404869671655,0.018170033255846985,0.04354803370937543,0.0025060954576381356,-0.005456902298701993,0.0005626621325496295,0.0036612125339263724,0.003455041936509806,-0.007468948840733347,0.00015656695892829475,-0.015676390993088707,0.024332163684102737,-0.02528277393845746,0.0007517544881523452,-0.02029342024235603,-0.04235627881107562,-0.006691071819989958,-0.0063912352428623365,-0.012445841361010679,-0.003399263060217428,-0.005938979237204323,0.061228315967801095,-0.009713075509553137
2008-01-31,0.01507588526865522,0.013612888379898047,0.013019340461329243,0.02400001987780609,-0.012341645383832311,0.038457966861606296,-0.048517878295841865,-0.029061427818503183,-0.0321211485518863,-0.016698087567918574,0.004664452104555572,0.04322874736406046,-0.017365928858382618,-0.0801984377758993,-0.0676761928569849,-0.09615731089036661,-0.12857373083655155,-0.10811939649344127,-0.04948192644508809,-0.1423011808402056,-0.08175560263884685,-0.0438312556218623,-0.07197307482534299,-0.06893036706502387,0.10705242750829735,-0.0637601963052743
2008-02-29,-0.033789839557863965,0.009143103542685882,6.243253238813473e-05,0.01540194082513513,-0.00811473286293174,0.12151425126078808,0.011764386583174247,0.0027523512460625454,0.011081320425170293,-0.002247979920032117,-0.0030000701542038932,0.017464513856382924,-0.013198511484811992,-0.007113398922763081,0.06030501456264692,0.013001438384974362,0.07248835629163874,0.014731870259429236,0.00556264428344555,0.056757173352308454,-0.021186551573160184,-0.04322388026732027,-0.03839249449391435,-0.024201134672287683,0.050288739778427516,-0.03381135751532138
2008-03-31,0.021061913836805557,0.00041732515339920617,0.0012937702124071748,0.018281602529784502,-0.03429266021051447,-0.0655383132727757,-0.030545158072957435,-0.01625191905809331,-0.028054073564076965,-0.022047403033068624,-0.002531336410403151,0.004963803013467771,-0.007310551797606757,-0.011703176351685718,-0.05739536955285851,-0.012639893253055479,-0.05503836755597469,0.002043278949285021,-0.04267913416090319,-0.06334380167581577,-0.008206609926681652,-0.009637623358247027,0.002070837313501661,-0.016595507988251712,-0.06064565270042699,-0.006436132217588764
2008-04-30,0.0027806578520619407,-0.010013970362831914,-0.003252221809709299,-0.0202501752850599,8.147266273983433e-05,0.03447341838383444,0.023290961133563215,0.008838071518930901,0.008574866749003762,0.012693504084161367,0.008954248030059286,-0.03447574741571502,0.04049458196143263,0.051395623202338925,0.0693712696428681,0.05311550394408604,0.07999050195766144,0.044091890220554486,0.0714932947779654,0.08022175747201254,0.05133758354560447,0.047583344941934946,0.04070812376692423,0.0664135332010638,-0.04407883205327001,0.04754088911324539
2008-05-30,0.004080860766402017,-0.004099989659013925,-0.007913516848259694,-0.011638216855065275,0.003285815085456223,0.026759392895158163,0.023238584812529606,0.014603781570054153,0.017881714754031997,0.012135291104247159,0.0006472836949356076,0.0065366341666861505,0.0037029424826677815,0.014668046276759661,0.07516041995841682,0.009157217937378892,0.017972881167606758,0.0038417911867429932,0.024589069819300535,-0.03389943723663402,0.036072922616687375,-0.00216695546944079,0.04535623441595216,0.044735898551620856,0.009618282224073793,0.012372083019967617
2008-06-30,-0.010428727358976375,0.0010847923724648378,-0.0025487678649313006,-0.0008889315924751617,0.007760030705459053,0.08924935067603545,-0.026137329544552834,-0.017730376417600002,-0.009822027753649376,-0.008020928977614417,-0.02100151664684835,0.013702027299571817,-0.028535269287821352,-0.08149846839646535,-0.03801816879637976,-0.08352868290094873,-0.10149470341072275,-0.08877326802082763,-0.06991090893723306,-0.12073256879082916,-0.07376265876399368,-0.09746242450992981,-0.078728511399622,-0.08168811890460237,0.04213973870580556,-0.08604453682645208
2008-07-31,0.006865847243049172,0.0024092021855459667,-0.002500897040446315,-0.0003076852993861845,-0.008895159504617056,-0.12022742325298219,-0.030130480928638903,-0.016001314010508083,-0.027807951165858658,-0.009835994011749949,0.009446261845680759,-0.010885413127698418,-0.017711935708967008,-0.026119092138980782,-0.07156734623032668,-0.03378016913957904,-0.03940496472279986,-0.030425257662428984,-0.03576631436226374,-0.010866382045849776,-0.02069732426707027,-0.005295512781070211,0.03532133542955895,-0.027120666414824357,-0.013895944499866864,-0.010091232552708052
2008-08-29,0.010433889993589407,0.0035876354184627424,0.008123889634626513,-0.017895116894339202,0.04389905052241927,-0.0742086887027511,-0.02311033674522678,-0.006412464932430417,-0.015264547271928275,-0.0028068856697326394,0.006707918226305676,0.011827955565395065,0.0018605070528063816,-0.015415685976297278,-0.021166120996466087,-0.04189056225694787,-0.08124229629158919,-0.04074448854844814,-0.04114834352444652,-0.0703676173577309,0.009400660859664844,0.015621121127501025,0.03477715841536244,0.017115848700499203,-0.09211176162288548,0.013098129596702313
2008-09-30,-0.032976532317026575,0.005910701333234458,-0.015373987719573656,-0.025470170135670434,0.01822792506016202,-0.11722157160807611,-0.08334615372100773,-0.06200586749869608,-0.06723788968759103,-0.060923183904843414,-0.07037619844964016,-0.0482616702793377,-0.08491628185891531,-0.12087863969822044,-0.1442269366251251,-0.1465321033109519,-0.1769448245334777,-0.15278736976328122,-0.11404232909281597,-0.1675077465604048,-0.11774698402698902,-0.07541270772120523,-0.0816227613244459,-0.12456167300619503,0.04594310072599139,-0.09104984562889029
2008-10-31,-0.0027661335304528523,0.008361613644511046,-0.024809280550311397,-0.03806718602597425,0.06567176372281858,-0.2140373150104039,-0.09578858171888949,-0.08311457867731964,-0.05840134491082305,-0.081516810706455,-0.15011542088178764,-0.07760365374362677,-0.1641888843961422,-0.19080579331099667,-0.2711663515795394,-0.20298816734889102,-0.27488221396450596,-0.21365132459724556,-0.14902787837631537,-0.24186257054231441,-0.17726433336216085,-0.17431841033162854,-0.20923440059695997,-0.22472074715460222,-0.1701011048477027,-0.16915264779417538
2008-11-28,0.011756295913577075,0.011463610996199192,0.031921872284826014,0.028287109944282962,0.02895592865976737,-0.07021063176262299,-0.03834464067329857,-0.037194423920547726,-0.027051058661020422,-0.028652387991003447,0.02415889298419649,0.046247859528167234,-0.08495098447483374,-0.065356658342829,-0.0577288395077209,-0.05467887233166746,-0.0759053292475389,-0.06920271404095923,-0.013086650393194899,-0.05984361835590635,-0.08015729386693049,-0.07233680521906594,-0.11891480954425948,-0.10239930296157085,0.12950948307216348,-0.07238288042121321
2008-12-31,0.0166283780156804,0.005582339676964088,0.03725687539929479,0.06207864141750319,-0.026416156142349045,-0.04489166411572254,0.002141750928385422,-0.015040729827167088,-0.017243121100722014,-0.00241149891207848,0.07763140092939391,0.03413398863975026,0.07469179120063507,0.03203120514873592,-0.02862065447581319,0.06006986491205413,0.07794020582459704,0.0524464463139227,0.08121149438381536,0.09890454200662702,0.018020976120552534,0.013828367225722893,0.05798854268699727,0.04266130855609007,0.07818252820213112,0.010587767864825404
2009-01-30,0.03369308979093322,-0.003065200107528865,-0.008771031358978054,-0.032648879595365554,0.005468831998532431,-0.05369992881205832,-0.008759361830391832,0.003748017455391106,0.011188455896183336,0.020599321951384364,0.008568311388498118,0.01084868381258064,0.05313155019654181,-0.08755341135454342,-0.03555336450841784,-0.09808051007415952,-0.06452836691946473,-0.11053599330808828,-0.06791549546542353,-0.054438791186066204,-0.04805236686293546,-0.11493724158851559,-0.1111691252309207,-0.07391095173267526,0.0519767898612592,-0.08423402415425485
2009-02-27,-0.004074889245071489,-0.0012234357228789738,-0.00398364300332632,-0.02254905129898077,0.02731961356317214,-0.04454235193428602,-0.022248840815564996,-0.014329001044261047,-0.0023157411192595845,0.004974283358822662,-0.01213989793685688,-0.03948107255512734,-0.03487590150685915,-0.10256831748602724,-0.08629091372606046,-0.10280242315161836,-0.05661894470790918,-0.10180626328473108,-0.12403081157550888,-0.06549366295790504,-0.07543783019735117,-0.133818833164012,-0.12173274757209662,-0.0997136609935938,0.015385999108746828,-0.10668716117513188
2009-03-31,0.0010901038931965257,0.005290236280081073,0.013692216826695747,0.02280459825634651,0.006104755358712355,0.03582260168359852,0.028790545904316955,0.012558103839970913,0.00013925436145023617,0.009747889721609893,0.03717299666553875,0.06589272784934286,0.03282748289984472,0.07519958208899546,0.09321358167617388,0.06316693848966382,0.14349989977305033,0.0690928087973588,0.020787315514425364,0.13779098693214165,0.08898690801213704,0.08529260027348395,0.08905788454223407,0.0913249428272731,-0.02458515847689502,0.08738632088884146
2009-04-30,0.01286186332703343,-0.001733889445668435,0.0045195260943440285,0.008734104531630704,-0.01861645022657843,0.007068802309475597,0.05418146161569615,0.0316407788225872,0.007720912950792025,0.030735743437474428,0.05360521256111572,-0.013314718164340045,0.1143984516588401,0.11191796013662758,0.13851022136677105,0.12777914187032446,0.16614554316681973,0.13916842072545133,0.09599614152393166,0.16726566448691949,0.09574460550065589,0.1069302832844532,0.15432122885800248,0.15345617818176094,-0.03414401771011255,0.09544797585908849
2009-05-29,0.004815335672829546,0.0016330829298971672,0.007201197959494365,0.035637335612669574,-0.04108782245017106,0.129992580061975,0.06369216215835305,0.047377408123163045,0.028581879148037004,0.039276817885079085,0.03779729698944867,0.0032300524050747903,0.0710777153646498,0.09055416234187796,0.21194336929218172,0.1182537825120531,0.17081653484848824,0.12125057345513479,0.10296252687674534,0.16077151010830515,0.04951951197213589,0.06178408104661992,0.03009673825745396,0.043371184076773206,0.10236836299778607,0.05588088433037375
2009-06-30,-0.0074170300669192946,-0.0017029053022573626,0.005583159348847566,0.0040325285442219805,-0.024400390441870257,-0.019131380082269667,0.001716960967496961,0.015173296016811388,0.0044929865921830014,0.015355860064363291,0.013088540375161717,-0.0054727988673245465,0.03169297904310975,-0.004616373918691297,-0.0546580353768743,-0.005792027038042269,-0.01357610339672466,-0.019687115036644554,0.017481402086610087,-0.004799001048967799,0.011082678639868782,-0.007489610256324886,0.014583249885669947,0.0033753519927561815,-0.053894975693579705,0.0018794778193655937
2009-07-31,0.017006297576000806,0.0013177890378317514,0.015972920986770944,0.021987930591934823,-0.008089425537586625,0.03216024426892172,0.0318738039740607,0.027804257376581543,0.014577395528267978,0.029535734188142593,0.03070580485981167,0.009620076497873997,0.06167391135331335,0.08454063841694603,0.1194968201421589,0.09114441288379171,0.11228995221701221,0.10487096683128194,0.042611209192980226,0.13000860800651903,0.07086962359702631,0.0816940591561035,0.09615392150651436,0.08837169313829984,0.029524833026473907,0.0754801703245973
2009-08-31,0.007247327889864819,0.0037033437342999243,0.010145414370493544,0.017356778130488415,-0.01582363777401652,-0.006035614658866817,0.01346367451874908,0.022793826816971174,0.011248944409811612,0.017313300860638314,0.01879631738983023,0.0012487395316389538,0.020129588076029492,0.041045485478435006,-0.014860354799166364,0.05414945444923336,-0.003787257485160289,0.06285813502050308,0.03914143525783742,-0.032836601213819594,0.02053008140061441,0.05209699595904427,0.028465615061797456,0.04840846801854837,-0.0031544790783567533,0.035895067886261955
2009-09-30,0.02333426640991232,0.002231827969582323,0.010347950353116087,0.02121386070624731,-0.017079363409720827,0.01557777357694845,0.03201240038099962,0.03746131894798688,0.016774621053609717,0.024353925428321377,0.04901576183397971,0.01949095288945446,0.059603405941539345,0.03970168190517187,0.0720009905512613,0.038131625772831246,0.09061330659365718,0.04625026114518871,-0.017378636042507445,0.08824456223896493,0.04237888178954452,0.038479314839426904,0.05752028585005475,0.05654757153330192,0.05925308488256209,0.03715855288925907
2009-10-30,-0.015707371714282936,0.0021111714310155794,0.004833061663804594,0.0045937863771274845,-0.016740658862949176,0.03269195963680471,-0.007274721711941101,0.005261950022003026,-0.0005013607046175927,0.012452709955787178,0.001375124619311885,0.018600640135016278,0.017758797223610623,-0.01789556440165796,-0.05181563351551621,-0.012600325365501375,0.0011327338882303195,-0.011718348920871424,-0.02518328285872129,-0.005383195021485543,-0.01364930501001238,-0.030709169562092353,-0.06799941971188861,-0.044131231525058934,0.03735709108906171,-0.018681269391943145
2009-11-30,0.012511724994823004,0.00603770871017284,0.012894437713632856,0.025411445150530065,-0.005872640184791167,0.035122084586529434,0.015611035006928953,0.01253909326846503,0.007928764148736223,0.006052343576663954,0.010419892145693943,0.02644643716006323,0.010080066522836661,0.04081056822651319,0.07387072276571849,0.019969625779855393,0.042900976217798314,0.028977189865329933,-0.010305520253800715,0.02685547066630245,0.06138031424561752,0.056311046759185635,0.031337928781608904,0.04824654803893291,0.12829442293726423,0.05993126679270677
2009-12-31,-0.00039226224514099517,-0.007960199004975022,-0.01563139059304708,-0.03762684674422179,0.011533628819573982,0.019789351762254714,0.020680902759219855,0.023586033376995275,0.008092985115390583,0.020512228445421776,0.003203681007976966,-0.027483146067415753,0.031346173535452104,0.017957106533193157,0.031021957385083843,0.01440269736504396,0.03949329148463909,0.015093620615074022,0.007712200242400158,0.04347490262283893,0.03090844916289104,0.017695666940790833,0.08049426246552449,0.05695181260507609,-0.07007281944338484,0.019315130805245495
2010-01-29,0.005610652774957536,0.007585297231991861,0.015171409547062975,0.00402644360272153,0.00790421020704768,-0.07288365683601028,-0.012817410152830222,0.006817113393730034,-0.0012856405632266643,0.015213218196684863,0.003581960260355732,0.020408766986558247,0.015050681995732784,-0.04143546632971917,-0.0742593254226408,-0.04416175347437479,-0.055876400059187814,-0.05918965205053439,0.018877574071990866,-0.06050605865773662,-0.043740554647422325,-0.028227760450281192,-0.03691580435849906,-0.03352256285204758,-0.014480401521865915,-0.036077791552965977
2010-02-26,0.009511000380051371,0.0019077637690776417,0.003734325743188549,0.0007442734571054821,0.022746292910826638,0.03712717201409377,0.009169447891585802,0.00805749996396754,0.0012472976154498383,0.0056242558647858765,0.014157591287636162,-0.018085690511097652,0.0015488291024556844,0.014096771016447684,0.05749668974875766,-0.006855696326670713,0.003517525690037049,-0.019896637280572227,0.011191379816871905,0.00502691651192011,0.03436625173517771,0.03156571819024845,0.04504580438183847,0.05003485365875204,0.0336570477247502,0.03097722815538906
2010-03-31,-0.005710571542969167,-0.0026186514870114586,-0.0012817403410461115,-0.007610385608682879,-0.0040509056867061854,-0.012475910861756145,0.03148641874798774,0.030311433943133625,0.015507058443041899,0.01615342577307377,0.023277539990460117,-0.007915516916474408,0.03090518237948925,0.06187825777964773,0.08254539486118029,0.06237065769574013,0.08068212614462822,0.06475571531386848,0.04988920765260074,0.07234658421340634,0.05779050373356487,0.06504737197250732,0.08133631896220717,0.07063597073471173,-0.003935570018290813,0.060292608997825514
2010-04-30,0.009132478539810585,0.002676122204996245,0.01030520151554204,5.6517544812173526e-05,0.002319048290991388,0.019338266876065546,0.011792998078210326,0.017305611090133732,0.008602359580506924,0.013793125527872485,0.007508589794225307,0.03244642024969546,0.02228551867736961,3.588113889119171e-05,0.014102894467176386,-0.01819858608017877,0.01201097816732477,-0.027160238319007712,-0.0016679370217220768,0.02051158671033604,0.011069475340117041,0.02577103601015418,0.05648982110086487,0.037499520783541795,0.05898383282519992,0.01568301025485841
2010-05-31,0.00729257225469393,0.004395797777888788,0.008258255727173758,-0.015787791330036827,0.04090697287635536,-0.06938612315807846,-0.04062013975136047,-0.026794217498260164,-0.02315648460986297,-0.01805097936520128,-0.015941469330761238,0.00361374004345949,-0.03536273305091964,-0.09594477961751102,-0.06898680366426191,-0.11521816340163449,-0.08811433102103827,-0.12190475762457653,-0.08102417762153591,-0.08404129226837964,-0.07649811991787503,-0.08235265596170471,-0.07600993857686933,-0.07369784762462583,0.03145411378376406,-0.08000719527241384
2010-06-30,0.0019407665051063283,0.004550983373191597,0.0155770432794895,0.015212130047353556,0.007117132228589895,0.0030779620988914402,-0.01855798881377302,-0.011007403303460839,-0.010329269748826753,0.00355166183467559,0.019958678125766127,0.01913068670848994,0.012933687069303534,-0.034390623729514846,-0.052268835204561825,-0.010077085454090251,-0.007453823824212336,-0.007538551587521258,-0.02016942863149007,0.016859648047524267,-0.055169768571672106,-0.056398899029205696,-0.0775983961431097,-0.06257058911197955,0.021337683403800378,-0.05245306868944111
2010-07-30,0.01286750718473173,0.00245669552347616,0.010460084353456134,0.03377115666975872,-0.029257072075449808,0.0675336182449009,0.02335829487498886,0.019506748326015177,0.006236703614376227,0.016806183710726286,0.040958728936071775,0.003295024299456051,0.03444230279249094,0.08086425068347869,0.07113750613848313,0.09461994250319838,0.0830656203504554,0.11623742014187233,0.035389821764406415,0.05764235039272725,0.0711231770914813,0.06749097248224634,0.06851058430836154,0.07165102599609763,-0.049613942207563766,0.06985476260824575
2010-08-31,0.019008868517471633,0.001858747547190287,0.012763138980323774,0.013813098641768606,-0.010799737582970037,-0.02555576208031185,-0.013830748645593971,-0.003940928447931591,0.0013734331360335528,0.00808346382004066,0.023162355112763322,0.017008112988290858,0.0014596363175978233,-0.03743946573117973,-0.019602528387434814,-0.031152735199044157,-0.01952461807152217,-0.036899838433681054,-0.022947731589365472,-0.011547744078179156,-0.04679405219047217,-0.04289416088885811,-0.07414223557647559,-0.04412547005387257,0.05611917702734681,-0.04524864665622297
2010-09-30,-0.003997280314767537,0.0016100042322844121,0.0009613422386416381,0.023363197712080064,-0.012741546256520242,0.07249883774492649,0.04729412223810048,0.025088016379133382,0.01980945405342882,0.016210156213756433,0.016657771491987328,0.02173201590399354,0.029585395130998338,0.0931414378111537,0.07749271177472905,0.0978824090373398,0.11102343731416808,0.10979182745550808,0.04566824444780315,0.11307783426893403,0.10634598253889949,0.07747882828591357,0.1244916369845146,0.10566224389252166,0.04890959755824609,0.0891400963362523
2010-10-29,-0.002451474723232594,0.0021775550356635254,0.0034562190176301577,0.012452997062114557,-0.035930164070825055,0.049723311903967726,0.02356162643360671,0.01848958297625991,0.01376924635147092,0.015503320432516565,0.017094953435166094,0.025547773727745193,0.02414839891953613,0.037171235466683106,0.03099746608995524,0.036023760032414254,0.028931997837623902,0.043220924504238534,0.020295934554101835,0.026164860570698556,0.047655208948984784,0.029901463451103005,0.04081724029690004,0.03858799417286596,0.03876340516427179,0.037944828845326795
2010-11-30,-0.01205474441491139,-0.001974476447660467,-0.005851731664318627,-0.03817110798827128,0.007177425131217108,-0.003644586454356946,0.006267734999091612,0.0024879825712964543,-0.0002910442411857561,0.004532878523873407,-0.031946172632287495,-0.01931987077127517,-0.011260643048200736,-0.0216938511407343,0.01012816359819646,-0.04824913388736285,-0.026502590165317197,-0.07603083165034108,0.020915563352537303,-0.014777904684322607,0.011509169413570719,-0.005396134467399394,0.03456937210847966,0.018046679611995575,0.01962496265305891,2.3850537575142994e-05
2010-12-31,-0.012677499045624874,-0.002163751441144779,-0.010992307178590122,0.012850016133549635,0.013034440509518408,0.10668103930349826,0.03502399321046834,0.026537513519605538,0.0215261432567444,0.010464525167676708,-0.0035261460332620675,-0.023045888108970125,0.01739945751017502,0.07331669722090783,0.07646576762586532,0.08076708320717563,0.07115321694387844,0.08372128256958766,0.0759715963027694,0.05506532222687732,0.054872893942617074,0.07869509048756096,0.07919910716582335,0.06898981876519894,0.025169729473667246,0.06662322916967534
2011-01-31,-0.0038887478286252497,0.0015394933207923955,0.00111170499390556,0.0017476342772702047,-0.011792781353184956,0.009977962962456788,0.004163105980278248,0.016742288195044086,0.0025092452446486835,0.011402165486411153,-0.005484955788231383,0.0016057102142850166,0.02097226738145319,0.022539958019989426,0.003976011392495371,0.02354481516335638,-0.027183878249701476,0.039362335890591904,0.0012151551193195775,-0.009870775031041834,0.025396779790989532,0.02256952510940291,-0.0026288967022018994,0.021226616558149614,-0.06247651885808447,0.023649436269095325
2011-02-28,0.01270356290742014,-0.0010936063338545798,0.0023450689826125526,0.005730862059140307,-0.01319384659097178,0.01302264187092006,0.012849905122895189,0.013480092543503241,0.00877994997691034,0.008920749057284905,0.0027863796270564123,0.006083720292227701,0.013213323184133152,0.03485611134083855,0.07254533372132688,0.0328157568385834,-0.009482360171389037,0.03267543346303792,0.04544310610345015,-0.03888592913018829,0.03257063629389778,0.036728573386290986,0.054685133909339934,0.037827176468678836,0.058867927222431504,0.034102463793556526
2011-03-31,-0.0014649191196844935,-0.0006458293011131211,0.00039606654919821516,0.004553226211103434,-0.01676847942841686,0.020489072966238808,0.004836795142231676,0.0033965291286712773,-0.0008464840066836343,0.0027003818059987417,0.012539199220830799,0.008674678473523656,0.004044984677640251,-0.010018166367251502,-0.0005638421867103505,-0.022568228254214895,0.05863834672930901,-0.00849370606415123,-0.09202675233926016,0.06267465369649083,0.001064873214195794,0.0038147281747020756,0.025759600482171185,0.015139567987559222,0.014631057044994566,0.00024116568210064138
2011-04-29,0.014590186602128963,0.004343449838584146,0.012589684698905312,0.030891070744354154,-0.018022630997088673,0.03452631739590517,0.013253406923215305,0.011836272832487893,0.011031035902692166,0.00816115918870075,0.013814613876052872,0.03125423994955723,0.015095326298041112,0.04237824456975958,0.011580954213710637,0.0596696006820685,0.030914357123557057,0.07991168002709714,0.0035426592192044914,0.037661103498266346,0.03338454159102544,0.0265243091427394,0.026301594236104897,0.02983419682665911,0.0917125263858678,0.029511167370396274
2011-05-31,0.011946262390896134,0.003644658525183919,0.012997997278521245,-0.0008367459198511673,0.0014152104883928818,-0.05063421572820259,-0.01285589756002592,-0.00470322272452639,-0.0099289447626425,0.0009442423507026731,0.01460953710161883,0.005969537554992854,0.004838021880160026,-0.020797429537585788,-0.030608634225190334,-0.029597057571987162,-0.02628143258891147,-0.03305363133748862,-0.016336183848768115,-0.01345491801150367,-0.010938950183118412,-0.01061756929221247,-0.01880069927390715,-0.0042202725940234664,-0.017945581879642458,-0.011371587504010128
2011-06-30,0.0017583463696679846,0.0001502504589905307,-0.002979850780787774,0.0007063600480055054,-0.001284600172303696,-0.050494537620518254,-0.01264950644655849,-0.010283762357876869,-0.013023543599057885,-0.0025591491222678453,0.01115798063847806,0.011008812967202575,-0.010096886964596763,-0.01587184108412565,-0.028671083797429442,-0.012573120070123345,-0.015434125264940701,-0.019212008484336685,0.014596541911416683,-0.023264466357167612,-0.014394728556906378,-0.020555531113707448,-0.023108110889300648,-0.020936992083801176,-0.023200872412890483,-0.016721251819604044
2011-07-29,0.008776951370823238,0.0028847505416987884,0.015920144105736056,0.020693912510832413,-0.006235814644232507,0.02966980794642804,-0.0032194388562002407,-0.0018731922291765901,0.0034531286726523502,1.8626260902765424e-05,0.019511479685058064,0.043776623558783645,0.012406654798466588,-0.018080109050399362,-0.021454739578648407,-0.015850150365754656,-0.004389361811003911,-0.033846051908028474,0.03546788651172783,0.011498664997972141,-0.009971349283604991,-0.03311712705946468,-0.03609293612796627,-0.036200204337820896,0.08462919988610695,-0.020282784528043774
2011-08-31,0.015397407282381037,0.003406369864408898,0.014505720360192154,0.012614382276567637,-0.0005673878961351964,0.00988162928341163,-0.04898288437586895,-0.037309718045230866,-0.024570046718831118,-0.021808315869659034,0.00521680581958428,0.019846987648918235,-0.04017539650475088,-0.07056137704374887,-0.03573034759940019,-0.09039422462919577,-0.08946913469902584,-0.10029163880210379,-0.08138181752025408,-0.09902005624871957,-0.052878702568946334,-0.06250998527134521,-0.0871066939809042,-0.06885970774618688,0.12189569586212201,-0.05442605896862429
2011-09-30,0.004012407778710925,-0.001367163939040572,0.007274610802566972,-0.023107205887413995,0.0309437481176007,-0.14734994208325436,-0.06035347131699509,-0.03941525060994988,-0.022738241229829148,-0.016798196857655046,-0.04200561258925084,0.0023388110335182954,-0.03594718846826428,-0.08637057500905776,-0.14130025771984278,-0.09528752903327453,-0.1457946029799958,-0.109764747177034,-0.01645063071593378,-0.1317897831679531,-0.07368439296596296,-0.07557343793916738,-0.11210199611036964,-0.09630928564671593,-0.11052011722494592,-0.07029859629118873
2011-10-31,-0.003921208199158421,0.0007934649277265837,0.0010220531844384872,0.01325891270328805,0.006044982600078352,0.06613141406698442,0.04902883122190538,0.030204713336958067,0.007516352670322357,0.012611450775129374,0.04503752571315145,0.011444954438949217,0.059505120768395425,0.10338471002007843,0.1041929131252537,0.09636890734841685,0.13240403472282103,0.12097940675853835,-0.002519070644795063,0.12001001692892577,0.1096871868390461,0.11443892303509218,0.1513060821195975,0.13007402272459312,0.05593418774186465,0.10924102798514279
2011-11-30,0.007427637335557735,0.0006034760218860402,-0.0008675452464799172,-0.01745126805476349,0.008881517871227818,-0.022190194824339926,-0.020215155722287603,-0.011847623913450844,-0.008408718493802314,-0.005949230193703081,-0.00585428160868573,0.011380370957218666,-0.02211539280495345,-0.02441562216647153,-0.02709508365483404,-0.04851252028381425,-0.06664493968175134,-0.045124587691442786,-0.04415397572519153,-0.08316299368374003,-9.64560630869471e-05,-0.005181915633372447,-0.0036451452585900546,-0.0050052488215881485,0.018458039307167384,-0.002210279058236231
2011-12-30,0.01690730186340028,0.00048248964657626736,0.010990831452971861,0.006743342132883967,0.014093355159468635,-0.0374791169156643,-0.009142746544025249,-0.002102766459920802,-0.004909174350316348,0.003790460460686651,0.011795356805082147,0.003561850872261685,0.02478676612396491,-0.0005556213919313269,-0.022408922983822133,-0.009480241971890346,-0.01205209921019823,-0.015450192620608427,0.00828228866601699,0.0058604671168651645,-0.003215512258552211,0.020151542701120517,0.0066056739768258765,-0.0012067509093730555,-0.10389669882898611,0.010229392764041778
2012-01-31,0.016102281235487403,0.0012458304866775904,0.008780702795246897,0.016737375833606016,0.0018871116957259737,0.024728675455360172,0.03882424602718326,0.025348004996498696,0.0157456894257475,0.019738373130252063,0.017619047619047645,0.02870589315640859,0.029029304918797072,0.05018312499216582,0.05924372862822147,0.05334539692828466,0.11342464677518449,0.04686704863580027,0.04520817292058732,0.10757849499150107,0.05969166045749352,0.03782979077761883,0.07065099102741379,0.060631375459550885,0.1104536363113533,0.04481508964129577
2012-02-29,0.00016826474648379275,-0.0014851087741830638,-0.00022964942055525572,-0.0006801488356772412,-0.014672134384929314,0.026986806266247276,0.028934365228248993,0.01863805263993279,0.013200955980328555,0.015767517064045,0.02951524289849039,-0.0036465563029186576,0.02278516857909807,0.04884868739394954,0.03548540056104743,0.05737755708162573,0.05990119338837152,0.06333478521144142,0.050465084664161663,0.059965509697180286,0.04782470610269529,0.03986311570833112,0.023932338928035035,0.04148752314897708,-0.02359359175029918,0.04324218166406668
2012-03-30,-0.007556615654194854,-0.0007071929753472705,-0.005583463544387435,-0.007304962119018654,0.009198086343876755,-0.04146953697062039,-5.126974094382675e-05,0.003844606907145831,0.0012700412353270352,0.005051915443182731,0.0008385028213404588,-0.008261732091294549,-0.0010398128112708571,0.012752208204146243,-0.030206623575374958,-0.004750924738348261,-0.03348319641634867,-0.005987556585387854,0.013278280580102164,-0.0315445056329976,0.03278760033599748,0.02953978288524084,0.02551792186106172,0.02229761614333481,-0.01696577427097168,0.032804981042266146
2012-04-30,0.0105369203168304,0.002119881622539843,0.011034341760629118,0.011748243027005056,-0.0018118851367360245,-0.004284419475122037,-0.008240006595059302,-0.0033711154377805697,-0.0028667030546318806,0.002856476304241129,0.017506505043468845,0.022236959081256114,0.010170460873699882,-0.011408038778480178,0.004870484027978739,-0.019625293593085513,-0.012005259077724761,-0.02296534072203804,-0.03198826572849933,0.00032082543910383343,-0.0015967005435766346,-0.010249360706201083,-0.015498765729568431,-0.0033638973937232253,-0.0020902937732925064,-0.006328965010431897
2012-05-31,0.005698802837964534,0.00029713844352774466,0.008944051019426746,-0.01037015561044552,0.01517453754080722,-0.09142407334302871,-0.04723192937484577,-0.023404926901125833,-0.012005039209795787,-0.010648407783385716,-0.02782230205143854,0.02407138104807993,-0.012176750487455257,-0.0864281295757563,-0.10759811949558862,-0.11491714113429186,-0.11224676502643804,-0.12267163301866169,-0.08937225223846434,-0.09585905562857377,-0.06425055192801254,-0.05874474640264171,-0.06629395727945575,-0.06717496858005834,-0.06272021849720766,-0.06020478067200685
2012-06-29,-0.0011217776979308702,-0.0006137621355251088,0.0003399359889959541,0.004727776327722033,0.014934563593015593,0.05487765351441998,0.009166109803274258,0.001735451750664474,-0.004112794242525197,0.008774054915335672,0.03563000833283847,-0.0016481930678914347,0.02028536955190674,0.05090326729221517,0.028466056669044892,0.07005926508189031,0.038540752522888244,0.07926065540798821,0.051352133193707905,0.030088730817382725,0.02710099390105114,0.04959697318705669,0.04984777356496095,0.028076449531605485,0.023619648724221287,0.041149970642117006
2012-07-31,0.012162620057012852,0.002356380941769487,0.013741044613313047,0.011516075538938964,0.00262912879533328,0.06463402978583566,0.0027014895793984195,0.004612311128072699,0.008973609708754493,0.011964252489734761,0.03998138744091184,0.017887292849426473,0.019111203904624174,0.012803359343714016,0.02171462882490416,0.011288986792995725,0.01945572728104694,0.011202195512483692,-0.02393238995452951,0.02603208141115454,0.013352821298064255,0.010297690699916151,-0.013871180988604292,0.0022547284572593806,0.010671243423406196,0.013837044643278729
2012-08-31,0.0001877894701380889,-1.2049336056474402e-05,0.0006012301456872482,0.008582815207342387,-0.012931112406780132,0.012931465741760073,0.011726453222330901,0.011310871024313496,0.006548170807944453,0.010479973896762917,0.01154773536723619,-0.0024290243809422796,0.012006286265739297,0.02529964396912554,0.04240193374317802,0.026803837762940708,-0.0033823743216176982,0.044059165874438255,-0.007314185794746075,-0.005230707170185811,0.026852049596362226,0.021659528943149597,0.033295093184178004,0.03147373287622379,0.04780555300369249,0.022470458408615723
2012-09-28,0.0054761615488923,-2.4096451838984123e-05,0.0012723432033041604,0.01208725611192829,-0.022558561979581726,0.01695141703745362,0.019515222192443282,0.012648766383517529,0.006434582123278743,0.01302699507184224,0.014623265649087891,0.007073379831830762,0.01413893954823986,0.02736931760067618,0.036658458118982384,0.02947706339077194,0.060237713742026244,0.029420243461129925,0.023154133560594703,0.07025668170661725,0.019507067470931894,0.03163835544205784,0.0327340456332319,0.02112369083479093,0.04741776048944968,0.025737672797713662
2012-10-31,0.0017751655979600933,-0.0006126466067086778,0.0019147814728277535,-0.0014565345342196778,0.0015949297181454547,-0.03878089268395668,-0.0025377785451774493,0.004284425430568728,-0.002133392292224201,0.0064285801845032076,0.008111869551773232,0.007412271330554665,0.008195365687453382,-0.006809650948657597,-0.003759011476447638,0.008270300701412436,-0.006124139071403412,0.014482297098514563,-0.018777560978855745,-0.002763881587229955,-0.029238540653454437,-0.00496201596920498,-0.021746890881646608,-0.010161507627348243,-0.029167617150676284,-0.018516432252042914
2012-11-30,0.012300368816466678,0.0008172707757432285,0.0014738303074834924,-0.00020917792810870584,0.012341469530628313,0.00041188778021128414,0.004398824377162436,0.010130307130673533,0.004414362548197159,0.005505623188711173,0.015420515748351571,0.007040727082389786,0.007318992083576337,0.012700722055627,-0.004927367123452542,0.024061054261959702,0.012592981893499777,0.025864500670821577,0.023641545108672224,0.027525804073712745,0.016641163320295194,-0.000518940215530117,0.005209033333759994,0.016338271035613472,-0.003405244747624603,0.0056968276968774045
2012-12-31,-0.00977980488995256,0.00017602349765910574,-0.0015280710968500477,-0.003397706165130132,-0.006692797194747024,-0.02617547798917641,0.016260903389953896,0.01976745206450703,0.011175775822722889,0.011653355135442744,0.009191394632658278,-0.010870363414231199,0.015754309963570634,0.01870210787168003,0.015169740006299559,0.031864373568677884,0.0487908718072072,0.028034470235231534,0.05287292476643213,0.031201032981148513,-0.0003803799172539257,0.020550493921811963,0.03552097040608504,0.022354786077063205,-0.023206600757830098,0.009010518805010026
2013-01-31,0.002498557619569075,0.00016005762074344787,-0.006994182358394996,-0.009095669342031876,0.006043678380703854,0.02397259539687857,0.03336576841640726,0.022881695580633243,0.020520075697851192,0.017690871787318097,-0.014224073798541959,-0.009368292580278714,0.013757887648994771,0.0509394520733053,0.01811159305055776,0.05274783460738508,0.013787556321135597,0.058455078955693685,0.03671559431557769,0.01660885747485974,0.04285899087372358,0.06499554910161476,0.06259278022800019,0.06840910060915029,-0.006953770853851404,0.05179514966002419
2013-02-28,0.0032794200954111563,0.0008401680336067585,0.005012312379538031,-0.00947499640491567,0.013520319850121254,-0.0408679835529967,0.0031648936546788686,0.003641956881816233,0.0026238727119396454,0.0038791295056148645,-0.0014187822622029334,0.005178771709207108,0.004627691542494761,0.001651210744085807,-0.014341572391524005,-0.009485445179930885,-0.012563249219477712,-0.027655360365103854,0.026661879326477234,-0.0011115121722042876,0.012443911899440607,0.014354256896370599,0.011031134461816583,0.014145543857522425,-0.050543968263509154,0.013574720755489045
2013-03-29,-0.0024852971227526943,8.362904354419776e-05,0.0006424047861175453,-0.0026957557594179393,0.02200828772510266,0.006582029364020192,0.012066872571400156,0.009891976582975248,0.009162431190582243,0.008673029084963702,-0.007683424226160085,0.0036264902878082594,0.010149849633756647,0.023267159910577373,0.00508241279819166,0.008054486932348448,-0.017380269977746998,-0.0022259541663541826,0.04867374856528528,-0.019990681700465363,0.037356915471529195,0.039460265801259276,0.04601767611240093,0.04234862483472113,0.011169362910076641,0.03734716747945277
2013-04-30,0.008847019011493096,0.0009870212531291056,0.010066601982181789,0.01385768808218013,-0.0006509365847032766,-0.02796204172661354,0.003606039086616386,0.009866810346306432,0.008545439012400236,0.010590785748041842,0.028290051331809396,0.007505894031268889,0.01851829372253433,0.0314387825826159,-0.01480837667344792,0.05205385321192013,0.007484539425686609,0.04332874841829737,0.0876551261587446,0.01751823146143483,0.021174565323928363,0.015068672390002869,-0.0037265273580455727,0.01276201745793748,-0.07566395793526326,0.019214374882410068
2013-05-31,-0.010983856266541303,-0.0015292254863996657,-0.01789404188582655,-0.02978220155210176,0.009100308272109059,-0.022479995224585547,0.012182971736483195,0.018350317617043643,0.006105414733432735,0.0005727671896817998,-0.03815759605148017,-0.05212211801538591,-0.005361230255447325,0.00032563474271229964,-0.00537007626595043,-0.02419956040845883,-0.025707449320268916,0.0017971156432681212,-0.05669538808640706,-0.012784431707836497,0.018525303008142258,0.025614577399004412,0.039916074426521675,0.021424750605752774,-0.06026022708985246,0.023339790577904918
2013-06-28,-0.020788005218328687,-0.0006397185238495862,-0.01546854310071244,-0.011836922132865246,-0.009396796357701964,-0.04714575741048799,-0.016350707446532664,-0.010328273971258128,-0.013137384469871116,-0.011939816983510876,-0.05031562740569662,-0.05493468763363352,-0.026360046392069347,-0.02464044908641183,-0.05588098440963307,-0.035528379025066115,-0.0636580272693773,-0.048265229554473876,0.017481425617034807,-0.057236556603086686,-0.018817855725379418,-0.008814235468738718,-0.005116091262266198,-0.01206606678462796,-0.11044098573281447,-0.013428788176630735
2013-07-31,-0.0020598886915530468,0.001548261133303308,0.0013151318257471623,0.012510888278304932,0.012732702714218558,0.01357236844539278,0.022612912459383683,0.013867920486400065,0.009137051454001677,0.005695114902056098,0.00944828152517685,0.0029054168590390006,0.018753613715424944,0.05259378839592843,0.05735233363571646,0.0527173551629867,0.010395600447258513,0.07359143934666079,0.005977420305093073,0.018252208975807482,0.052969476340811505,0.05394082268485034,0.06993147432956115,0.05790471155206589,0.07328759259659234,0.050832261974399495
2013-08-30,-0.0086995060035151,-0.0010506581779783364,-0.0051636964411684305,-0.00529725606341136,-0.011794760578353602,0.03397095708866238,-0.008536890677085518,-0.0024504104364766466,-0.007015276538339665,-0.0011937905310132058,-0.026855550792569072,-0.010516880458181554,-0.006252649055905057,-0.021336966766948295,-0.00959627121581319,-0.013280155823564788,-0.01722852069932257,-0.012810856173506635,-0.021568713692516117,-0.015172497941487784,-0.017190558003916334,-0.03798836190134314,-0.03181439853300372,-0.02666879090525176,0.052926276999413435,-0.029013746848267963
2013-09-30,0.01657862196548021,0.0022790883646541804,0.009466907662784019,0.020557739955961774,-0.003973412731694936,-0.025541835752324493,0.026634147072732484,0.015428710928314215,0.012089449946689035,0.011006305486822576,0.026700110562880575,0.016977194532704187,0.009913954358398813,0.05001263342004347,0.03906072291156404,0.07392764448209088,0.06502952404855966,0.0718934827107307,0.08353188963987446,0.05422688796066977,0.04456331771462452,0.025050434098210728,0.06380369565105992,0.045793778215708736,-0.0474746823195511,0.03135971508668933
2013-10-31,0.007255616606288706,0.0010372202497308525,0.008084972340884233,0.009826579451880368,-0.012582232514078195,-0.014766192828094882,0.020095954811715,0.015061970063147134,0.012077240762550012,0.010998449253881493,0.026696883488435574,0.009183428233380253,0.024582572971922456,0.03914349372669257,0.032841207280482676,0.03362394607714081,0.048583668842202776,0.04284113181803417,-9.81412260581127e-06,0.043749999999999956,0.04423560999220055,0.04379378991984306,0.02514606104781847,0.035337161308803156,-0.004491997923297464,0.045967590600427544
2013-11-29,-0.0023528408219158914,0.0009043885246180494,-0.003796242617228218,-0.0082379352598273,0.013042285156264821,-0.008055515582524375,0.011904570494004618,0.010318971441809488,0.011564185921682846,0.004731138904201293,-0.02284550352509862,-0.015339086095562005,0.004598718736485319,0.01771950642583109,-0.009144070504692015,0.007606060260231473,-0.01467457896617419,0.011768939030779135,0.014819620356231189,0.0016584105538481886,0.028157133833885295,0.02784568904194651,0.04001198536649375,0.016551600138810407,-0.052740518130905634,0.030421897204234494
2013-12-31,-0.0016210999198320586,-0.001445529322106176,-0.0057031983642152895,-0.00602295776927575,0.002106296385858686,0.012346898838481168,0.014091440711031744,0.011882628225071912,0.015174698649003338,0.007632939565897612,0.005779226632655732,-0.020943422181519566,0.005427721826692933,0.021107609093383273,0.016067280587649613,0.01491087838722116,-0.014509835845865626,0.022328009470385712,0.007905662785746781,-0.01098759453257847,0.028512817667520896,0.025275375267842737,0.019628155492650512,0.02971819469723136,-0.041309480888947925,0.025263993877610913
